source_dataset,source_record_id,name,operator,country,admin1,city,latitude,longitude,site_area,site_area_unit,floor_area,floor_area_unit,power_mw,power_type,power_method,status,confidence,source_url,source_asof
Japan Data Center Watch,nttdata-keihanna-osk11,Keihanna OSK11 Data Center (NTT DATA Group),,Japan,京都府,相楽郡精華町,,,,,,,30.0,it_load,reported,operational,E3,https://www.nttdata.com/global/ja/news/topics/2026/040900/,2026-04
Japan Data Center Watch,kepco-cyrusone-osk1-seika,Kansai Electric CyrusOne OSK1 Data Center,,Japan,京都府,相楽郡精華町,,,19693.0,m2,39000.0,m2,48.0,it_load,reported,announced,E3,https://www.kepco.co.jp/corporate/pr/2024/pdf/20240912_1j.pdf,2024-09-12
Japan Data Center Watch,digitaledge-osa2,Digital Edge OSA2 Data Center,Digital Edge,Japan,兵庫県,神戸市,,,,,,,,unknown,reported,operational,E3,https://www.digitaledgedc.com/products-services/data-centers/japan/,2026-07-26 17:02:47
Japan Data Center Watch,sakura-ishikari,Sakura Internet Ishikari Data Center,さくらインターネット,Japan,北海道,石狩市,,,,,,,,unknown,reported,expansion,E3,https://www.sakura.ad.jp/corporate/information/newsreleases/2025/06/11/1968219778/,2025-06-25
Japan Data Center Watch,kccs-zeroemission-ishikari,KCCS Zero-Emission Data Center Ishikari,京セラコミュニケーションシステム,Japan,北海道,石狩市,,,,,,,,unknown,reported,operational,E1,https://www.mirait-one.com/miraiz/newsflash/article113.html,2024-10-01
Japan Data Center Watch,wdc-bibai,"White Data Center (Bibai, snow cooling)",ホワイトデータセンター,Japan,北海道,美唄市,,,,,,,,unknown,reported,operational,E3,https://www.city.bibai.hokkaido.jp/soshiki/13/417.html,2026-07-26 17:39:27
Japan Data Center Watch,softbank-idcf-tomakomai-ai,Hokkaido Tomakomai AI Data Center,ソフトバンク; IDCフロンティア,Japan,北海道,苫小牧市,,,,,,,300.0,planned_maximum,reported,under_construction,E3,https://www.softbank.jp/sbnews/entry/20250421_01,2025-04-15
Japan Data Center Watch,soya-green-dc-1,宗谷グリーンデータセンターⅠ（稚内・風力発電直結）,豊田通商株式会社; 株式会社ユーラスエナジーホールディングス,Japan,北海道,稚内市,,,,,,,,unknown,reported,under_construction,E3,https://www.city.wakkanai.hokkaido.jp/sangyo/shoko/kigyoyuchi/datacenter.html,2026-07-21
Japan Data Center Watch,flowercom-ishikari-renewable-dc1,石狩再エネデータセンター第1号,東急不動産株式会社; 株式会社Flower Communications; 合同会社石狩再エネデータセンター第1号,Japan,北海道,石狩市,,,,,,,15.0,utility_supply,reported,operational,E3,https://prtimes.jp/main/html/rd/p/000000015.000119810.html,2026-08-01
Japan Data Center Watch,att-tomakomai-ai-factory,Tomakomai AI Factory (AI Tech Tomakomai / Kankyo Friendly HD),AI Tech Tomakomai株式会社（環境フレンドリーホールディングス子会社）,Japan,北海道,苫小牧市,,,,,,,10.0,planned_maximum,reported,announced,E3,https://prtimes.jp/main/html/rd/p/000000015.000163480.html,2026-07-03
Japan Data Center Watch,airtrunk-tok1-inzai,AirTrunk TOK1 (Inzai),AirTrunk,Japan,千葉県,印西市,,,,,,,40.0,planned_maximum,reported,expansion,E1,https://www.nikkei.com/article/DGXZQOCC09BU10Z01C25A2000000/,2025-02-10
Japan Data Center Watch,colt-inzai-1,Colt Inzai Data Centre 1,,Japan,千葉県,印西市,,,,,4000.0,m2,8.0,it_load,reported,operational,E3,https://www.coltdatacentres.net/ja-JP/our-locations/data-centre-locations-asia/inzai,2026-07-15 17:44:34
Japan Data Center Watch,colt-inzai-2,Colt Inzai Data Centre 2,,Japan,千葉県,印西市,,,,,5000.0,m2,15.0,it_load,reported,operational,E3,https://www.coltdatacentres.net/ja-JP/our-locations/data-centre-locations-asia/inzai-2,2026-07-15 17:44:34
Japan Data Center Watch,colt-inzai-3,Colt Inzai Data Centre 3,,Japan,千葉県,印西市,,,,,8000.0,m2,27.0,it_load,reported,operational,E3,https://www.coltdatacentres.net/ja-JP/our-locations/data-centre-locations-asia/inzai-3,2026-07-15 17:44:34
Japan Data Center Watch,colt-inzai-4,Colt Inzai Data Centre 4,,Japan,千葉県,印西市,,,,,8747.0,m2,20.0,it_load,reported,operational,E3,https://cloud.watch.impress.co.jp/docs/news/1666638.html,2025-02-26
Japan Data Center Watch,google-inzai,Google Inzai Data Center,Google,Japan,千葉県,印西市,,,,,,,,unknown,reported,operational,E3,https://www.jetro.go.jp/biznews/2023/04/1f20e76dde6c4da3.html,2023-04
Japan Data Center Watch,iij-shiroi-dc-campus,IIJ Shiroi Data Center Campus,,Japan,千葉県,白井市,,,,,,,,unknown,reported,operational,E3,https://www.iij.ad.jp/biz/dc/shiroi.html,2019
Japan Data Center Watch,keppel-tokyo-data-centre-3-inzai,Keppel Tokyo Data Centre 3,,Japan,千葉県,印西市,,,,,,,,unknown,reported,operational,E3,https://www.keppeldatacentres.com/locations/asia-pacific/japan/tokyo-data-centre-3/,2025
Japan Data Center Watch,mc-digitalrealty-nrt10-inzai,MC Digital Realty NRT10 Data Center,,Japan,千葉県,印西市,,,,,37850.0,m2,39.0,it_load,reported,operational,E3,https://www.mc-digitalrealty.com/data-centers/nrt,2021-09
Japan Data Center Watch,mfip-inzai,"MFIP Inzai (Mitsui Fudosan, formerly Inzai Technology Building)",,Japan,千葉県,印西市,,,,,45000.0,m2,,unknown,reported,operational,E3,https://mflp.mitsuifudosan.co.jp/logistics/mfip-inzai/,2014-02
Japan Data Center Watch,nttdata-tky12-inzai-shiroi,NTT DATA Tokyo TKY12 (Inzai/Shiroi Campus),NTTデータグループ,Japan,千葉県,白井市,,,,,,,250.0,planned_maximum,reported,announced,E3,https://www.nttdata.com/global/ja/news/release/2026/041700/,2026-07-15 17:44:47
Japan Data Center Watch,stack-infrastructure-tky01a-inzai,STACK Infrastructure TKY01A Data Center,,Japan,千葉県,印西市,,,23000.0,m2,,,18.0,it_load,reported,operational,E3,https://cloud.watch.impress.co.jp/docs/wdc/1642329.html,2024-10
Japan Data Center Watch,stt-tokyo1-inzai,STT Tokyo 1 (STT GDC Inzai),STT GDC,Japan,千葉県,印西市,,,,,,,,unknown,reported,operational,E1,https://www.nikkei.com/article/DGXZQOCC09BU10Z01C25A2000000/,2025-08-06
Japan Data Center Watch,equinix-ty12x-inzai,Equinix TY12x Data Center,,Japan,千葉県,印西市,,,,,17300.0,m2,54.0,it_load,reported,operational,E3,https://www.equinix.com/jp/ja/data-centers/asia-pacific-colocation/japan-colocation/tokyo-data-centers/ty12x,2021-03
Japan Data Center Watch,equinix-ty13x-inzai,Equinix TY13x Data Center,,Japan,千葉県,印西市,,,,,,,36.0,planned_maximum,reported,operational,E3,https://cloud.watch.impress.co.jp/docs/news/1512793.html,2023-06-29
Japan Data Center Watch,datasection-inzai,Data Section Inzai AI Data Center,データセクション,Japan,千葉県,印西市,,,,,,,,unknown,reported,announced,E3,https://www.datasection.co.jp/news/pressrelease-20251107002,2025-11-07
Japan Data Center Watch,dasp-chiba-north-green-dc,Northern Chiba Green Data Center (DASP / detailed location undisclosed),ミライト・ワン; ダイキアクシス・サステイナブル・パワー; モルゲンロット; ダイキアクシス・サステイナブル・パワー,Japan,千葉県,,,,,,,,,unknown,reported,operational,E3,https://prtimes.jp/main/html/rd/p/000000097.000053470.html,2026-03
Japan Data Center Watch,daiwahouse-dpdc-inzai,Daiwa House DPDC Inzai Park,大和ハウス工業,Japan,千葉県,印西市,,,,,,,,unknown,reported,announced,E1,https://xtech.nikkei.com/atcl/nxt/column/18/00154/01968/,2025
Japan Data Center Watch,aist-kashiwa-ai-dc,"AIST AI Data Center Building (ABCI, Kashiwa)",産業技術総合研究所,Japan,千葉県,柏市,,,,,,,,unknown,reported,operational,E3,https://abci.ai/ja/about_abci/,2026-07-26 17:02:48
Japan Data Center Watch,digitaledge-osa1,Digital Edge OSA1 Data Center,Digital Edge,Japan,大阪府,大阪市,,,,,,,14.4,unknown,reported,operational,E3,https://www.digitaledgedc.com/products-services/data-centers/japan/,2026-07-26 17:02:47
Japan Data Center Watch,equinix-os1,Equinix OS1 Data Center,エクイニクス・ジャパン,Japan,大阪府,大阪市,,,,,,,,unknown,reported,operational,E3,https://www.equinix.com/data-centers/asia-pacific-colocation/japan-colocation/osaka-data-centers/os1,2026-07-26 17:02:47
Japan Data Center Watch,equinix-os3,Equinix OS3 Data Center,エクイニクス・ジャパン,Japan,大阪府,大阪市,,,,,,,,unknown,reported,operational,E3,https://www.equinix.com/data-centers/asia-pacific-colocation/japan-colocation/osaka-data-centers/os3,2026-07-26 17:02:47
Japan Data Center Watch,kddi-osaka-sakai,KDDI Osaka Sakai Data Center,KDDI,Japan,大阪府,堺市,,,,,,,,unknown,reported,operational,E3,https://newsroom.kddi.com/news/detail/kddi_nr-891_4287.html,2026-01-22
Japan Data Center Watch,mc-digitalrealty-kix10-ibaraki,MC Digital Realty KIX10 Data Center,,Japan,大阪府,茨木市,,,,,8271.0,m2,7.6,it_load,reported,operational,E3,https://www.mc-digitalrealty.com/data-centers/kix,2026-07-15 18:03:15
Japan Data Center Watch,mc-digitalrealty-kix11-minoh,MC Digital Realty KIX11 Data Center,,Japan,大阪府,箕面市,,,,,23155.0,m2,25.0,it_load,reported,operational,E3,https://cloud.watch.impress.co.jp/docs/news/1189669.html,2019-06
Japan Data Center Watch,nttdata-osaka-ibaraki,NTT DATA Osaka (Ibaraki) Data Center,NTTデータグループ,Japan,大阪府,茨木市,,,,,,,36.0,it_load,reported,announced,E3,https://www.nttdata.com/global/ja/news/topics/2025/052700/,2026-07-16
Japan Data Center Watch,nttwest-osaka-minami-dc,NTT西日本 大阪南データセンター,西日本電信電話株式会社（NTT西日本）,Japan,大阪府,大阪市中央区,,,,,,,,unknown,reported,announced,E3,https://www.ntt-west.co.jp/news/2606/260623b.html,2026-06-23
Japan Data Center Watch,equinix-os2x-minoh,Equinix OS2x Data Center,,Japan,大阪府,箕面市,,,,,3200.0,m2,10.0,it_load,reported,operational,E3,https://prtimes.jp/main/html/rd/p/000000034.000048280.html,2021-12-24
Japan Data Center Watch,equinix-os4x-minoh,Equinix OS4x Data Center,,Japan,大阪府,箕面市,,,,,4926.0,m2,14.4,it_load,reported,operational,E3,https://newsroom.equinix.com/2024-06-05-4-OS4x,2024-06-05
Japan Data Center Watch,softbank-sakai-ai,SoftBank Sakai AI Data Center,ソフトバンク,Japan,大阪府,堺市,,,,,,,150.0,utility_supply,reported,announced,E3,https://www.softbank.jp/corp/news/press/sbkk/2025/20250314_01/,2026-07-16
Japan Data Center Watch,tohoku-epco-miyagi-ai-dc,宮城AIデータセンター（東北電力・七ヶ浜）,株式会社ゲットワークス; 東北電力株式会社,Japan,宮城県,宮城郡七ヶ浜町,,,,,,,,unknown,reported,operational,E3,https://www.tohoku-epco.co.jp/news/normal/1248900_2558.html,2026-07-31
Japan Data Center Watch,matsue-nakao-industrial-park-dc,Matsue Nakao District Industrial Park (Data Center Attraction),,Japan,島根県,松江市,,,,,,,,unknown,reported,announced,E3,https://www.city.matsue.lg.jp/soshikikarasagasu/seisakubu_seisakukikakuka/WEB_shichoshitsu/1/25144.html,2026-02
Japan Data Center Watch,dasp-nanyo-green-dc,Nanyo Green Data Center (DASP / detailed location undisclosed),ミライト・ワン; ダイキアクシス・サステイナブル・パワー; モルゲンロット; ダイキアクシス・サステイナブル・パワー,Japan,愛媛県,,,,,,,,,unknown,reported,operational,E3,https://prtimes.jp/main/html/rd/p/000000097.000053470.html,2026-03
Japan Data Center Watch,digitaledge-tyo1,Digital Edge TYO1 Data Center,Digital Edge,Japan,東京都,文京区,,,,,,,,unknown,reported,operational,E3,https://www.digitaledgedc.com/products-services/data-centers/japan/,2026-07-26 17:02:47
Japan Data Center Watch,digitaledge-tyo2,Digital Edge TYO2 Data Center,Digital Edge,Japan,東京都,中央区,,,,,,,,unknown,reported,operational,E3,https://www.digitaledgedc.com/products-services/data-centers/japan/,2026-07-26 17:02:47
Japan Data Center Watch,digitaledge-tyo3,Digital Edge TYO3 Data Center,Digital Edge,Japan,東京都,新宿区,,,,,,,,unknown,reported,operational,E3,https://www.digitaledgedc.com/products-services/data-centers/japan/,2026-07-26 17:02:47
Japan Data Center Watch,digitaledge-tyo7,Digital Edge TYO7 Data Center,Digital Edge,Japan,東京都,中央区,,,,,,,4.8,unknown,reported,operational,E3,https://www.digitaledgedc.com/products-services/data-centers/japan/,2026-07-26 17:02:47
Japan Data Center Watch,equinix-ty1,Equinix TY1 Data Center,エクイニクス・ジャパン,Japan,東京都,大田区,,,,,,,,unknown,reported,operational,E3,https://www.equinix.com/data-centers/asia-pacific-colocation/japan-colocation/tokyo-data-centers/ty1,2026-07-26 17:02:46
Japan Data Center Watch,equinix-ty10,Equinix TY10 Data Center,エクイニクス・ジャパン,Japan,東京都,文京区,,,,,,,,unknown,reported,operational,E3,https://www.equinix.com/data-centers/asia-pacific-colocation/japan-colocation/tokyo-data-centers/ty10,2026-07-26 17:02:47
Japan Data Center Watch,equinix-ty11,Equinix TY11 Data Center,エクイニクス・ジャパン,Japan,東京都,江東区,,,,,,,,unknown,reported,operational,E3,https://www.equinix.com/data-centers/asia-pacific-colocation/japan-colocation/tokyo-data-centers/ty11,2026-07-26 17:02:47
Japan Data Center Watch,equinix-ty15,Equinix TY15 Data Center,エクイニクス・ジャパン,Japan,東京都,港区,,,,,,,,unknown,reported,operational,E3,https://www.equinix.com/data-centers/asia-pacific-colocation/japan-colocation/tokyo-data-centers/ty15,2026-07-26 17:02:47
Japan Data Center Watch,equinix-ty2,Equinix TY2 Data Center,エクイニクス・ジャパン,Japan,東京都,品川区,,,,,,,,unknown,reported,operational,E3,https://www.equinix.com/data-centers/asia-pacific-colocation/japan-colocation/tokyo-data-centers/ty2,2026-07-26 17:02:46
Japan Data Center Watch,equinix-ty3,Equinix TY3 Data Center,エクイニクス・ジャパン,Japan,東京都,江東区,,,,,,,,unknown,reported,operational,E3,https://www.equinix.com/data-centers/asia-pacific-colocation/japan-colocation/tokyo-data-centers/ty3,2026-07-26 17:02:46
Japan Data Center Watch,equinix-ty4,Equinix TY4 Data Center,エクイニクス・ジャパン,Japan,東京都,千代田区,,,,,,,,unknown,reported,operational,E3,https://www.equinix.com/data-centers/asia-pacific-colocation/japan-colocation/tokyo-data-centers/ty4,2026-07-26 17:02:46
Japan Data Center Watch,equinix-ty5,Equinix TY5 Data Center,エクイニクス・ジャパン,Japan,東京都,江東区,,,,,,,,unknown,reported,operational,E3,https://www.equinix.com/data-centers/asia-pacific-colocation/japan-colocation/tokyo-data-centers/ty5,2026-07-26 17:02:46
Japan Data Center Watch,equinix-ty6,Equinix TY6 Data Center,エクイニクス・ジャパン,Japan,東京都,品川区,,,,,,,,unknown,reported,operational,E3,https://www.equinix.com/data-centers/asia-pacific-colocation/japan-colocation/tokyo-data-centers/ty6,2026-07-26 17:02:46
Japan Data Center Watch,equinix-ty7,Equinix TY7 Data Center,エクイニクス・ジャパン,Japan,東京都,品川区,,,,,,,,unknown,reported,operational,E3,https://www.equinix.com/data-centers/asia-pacific-colocation/japan-colocation/tokyo-data-centers/ty7,2026-07-26 17:02:47
Japan Data Center Watch,equinix-ty8,Equinix TY8 Data Center,エクイニクス・ジャパン,Japan,東京都,品川区,,,,,,,,unknown,reported,operational,E3,https://www.equinix.com/data-centers/asia-pacific-colocation/japan-colocation/tokyo-data-centers/ty8,2026-07-26 17:02:47
Japan Data Center Watch,glp-akishima-project,GLP Akishima Project (8 Data Center Buildings),,Japan,東京都,昭島市,,,588000.0,m2,1210000.0,m2,,unknown,reported,pre_consultation,E3,https://glp-akishima.net/,2025-04
Japan Data Center Watch,softbank-fuchu-dc,SoftBank Tokyo Fuchu Data Center,ソフトバンク,Japan,東京都,府中市,,,,,,,50.0,utility_supply,reported,operational,E3,https://www.softbank.jp/corp/news/press/sbkk/2020/20201201_01/,2020-12
Japan Data Center Watch,mitsuifudosan-hino-dc,Mitsui Fudosan Hino DC Project,三井不動産,Japan,東京都,日野市,,,,,,,,unknown,reported,pre_consultation,E3,https://news.yahoo.co.jp/articles/e63981bc8769dd71ffe761ff37b5e5ceaaefd831,2026-07-09
Japan Data Center Watch,digitaledge-tyo456-yokohama,Digital Edge TYO4/5/6 Yokohama Campus,Digital Edge,Japan,神奈川県,横浜市,,,,,,,18.5,unknown,reported,operational,E3,https://www.digitaledgedc.com/products-services/data-centers/japan/,2026-07-26 17:02:47
Japan Data Center Watch,nec-kanagawa-dc-sagamihara,NEC Kanagawa Data Center,,Japan,神奈川県,相模原市中央区,,,,,,,,unknown,reported,operational,E3,https://jpn.nec.com/outsourcing/dc/kanagawa.html,2023-10
Japan Data Center Watch,goodman-sagamihara-dc-campus,相模原データセンターキャンパス計画（グッドマン・麻溝台/新磯野北部地区）,グッドマンジャパングループ,Japan,神奈川県,相模原市,,,,,,,,unknown,reported,announced,E3,https://www.city.sagamihara.kanagawa.jp/shisei/1026823/machitsukuri/toshikeikaku/1004671/1017814/1017752.html,2026-05-28
Japan Data Center Watch,apl-kitakyushu,APL Kitakyushu Data Center,APLグループ（アジア・パシフィック・ランド）,Japan,福岡県,北九州市,,,,,,,120.0,planned_maximum,reported,announced,E1,https://www.nikkei.com/article/DGXZQOJC233YH0T20C23A8000000/,2023-08
Japan Data Center Watch,apl-itoshima,APL Itoshima Data Center,APLグループ（アジア・パシフィック・ランド）,Japan,福岡県,糸島市,,,,,,,300.0,utility_supply,reported,announced,E1,https://www.nikkei.com/article/DGXZQOJC055CX0V01C24A2000000/,2024-02-05
Japan Data Center Watch,jrkyushu-kurume,JR Kyushu Kurume Data Center,JR九州（九州旅客鉄道）,Japan,福岡県,久留米市,,,,,,,,unknown,reported,announced,E1,https://www.nikkei.com/article/DGXZQOJC294UH0Z21C25A0000000/,2026-07-16
Japan Data Center Watch,idc-frontier-kitakyushu-yahatahigashi,Fukuoka Kitakyushu Data Center (Asian Frontier),,Japan,福岡県,北九州市八幡東区,,,,,,,,unknown,reported,operational,E3,https://www.idcf.jp/datacenter/location/asianfrontier/,2008
Japan Data Center Watch,goodman-tsukuba-dc-campus,グッドマンつくばデータセンターキャンパス,グッドマンジャパン株式会社; グッドマンジャパンつくば特定目的会社,Japan,茨城県,つくば市,,,,,,,,unknown,reported,announced,E3,https://kyodonewsprwire.jp/release/202401245692,2024-01-25
Japan Data Center Watch,highreso-ayagawa-dc,綾川町データセンター（ハイレゾ・旧綾上中学校）,株式会社ハイレゾ,Japan,香川県,綾歌郡綾川町,,,,,,,,unknown,reported,operational,E3,https://highreso.jp/press/40442/,2026-03-03
Japan Data Center Watch,digitaldynamic-iriki-industrial-park-ai,Iriki Industrial Park AI Data Center (Digital Dynamic),,Japan,鹿児島県,薩摩川内市,,,37000.0,m2,,,19.0,planned_maximum,reported,announced,E3,https://373news.com/news/local/detail/224994,2025-11-25
Japan Data Center Watch,kaishin-satsumasendai-ai,Satsumasendai AI Data Center,凱信数基（カイシンデジタルインフラストラクチャー）株式会社,Japan,鹿児島県,薩摩川内市,,,,,,,,unknown,reported,announced,E3,https://www.city.satsumasendai.lg.jp/shigoto_sangyo/sangyoricchi/3/20533.html,2026-07-18
Japan Data Center Watch,getworks-kagoshima-izumi-dc,鹿児島出水データセンター（ゲットワークス）,株式会社ゲットワークス,Japan,鹿児島県,出水市,,,,,,,,unknown,reported,operational,E3,https://www.bbix.net/en/information/press/2026-07-29/,2026-08-01
