operator_norm,missing_capacity_facilities
Amazon AWS,532
Equinix,472
Lumen,405
Digital Realty,361
China Telecom,315
Zenlayer,281
Google,247
DataBank,243
Microsoft,230
Vantage Data Centers,178
Digital Realty Trust,160
Csquare,154
QTS Data Centers,148
CyrusOne,142
Flexential,119
Meta,118
Cologix,109
Amazon,102
Stack Infrastructure,102
NTT Global Data Centers,101
TierPoint,101
365 Data Centers,94
CenterServ,93
EdgeConneX,90
Microsoft Azure,90
Aligned Data Centers,88
CyrusOne Data Centers,88
STACK INFRASTRUCTURE,81
CenturyLink,79
CloudHQ,77
MOD Mission Critical,75
UltraEdge,74
Iron Mountain Data Centers,70
Prime Data Centers,68
IPTP Networks,67
CoreSite,66
XO Communications,66
GDS Ltd,64
Stream Data Centers,63
NTT,62
EdgeConnex,61
Sungard,61
Windstream,61
EXA Infrastructure,60
Prologis,60
Telehouse,58
Cogent Communications,58
Amazon Web Services,57
Unknown Company,55
Cogent Communications Inc.,51
Compass Datacenters,50
T5 Data Centers,50
IBM Cloud,49
Tract,49
QTS,47
PowerHouse Data Centers,46
Oracle,46
STTelemedia Global Data Centres,43
euNetworks,43
Switch,42
Kyndryl,42
H5 Data Centers,40
Zayo Group LLC,40
Gotspace Data Partners,40
OneSource Cloud Corporation,40
Tierpoint,40
Iron Mountain,40
Crusoe Cloud,40
Interxion,39
"Cogent Communications, Inc.",39
Centersquare (formerly Evoque),38
Cyxtera,38
Hivelocity,37
Colocation America,36
"21Vianet Group, Inc.",34
Sabey Data Centers,34
KIO Networks,33
COPT Defense Properties,32
EdgeCore,32
Expedient,32
MTN,31
nLighten,31
"NTT DATA, Inc.",30
Orange Business,30
3data,29
Interoute,29
T-Systems International GmbH,29
Skybox Datacenters,29
LeaseWeb,28
OVH,28
Lumen Technologies,28
Core Scientific,27
"CleanSpark, Inc.",26
Colo-X Ltd.,26
Telia Carrier,26
Hillwood Development Company,25
Telia Company,25
Western Hospitality Partners,25
Edged,25
Pulsant,24
Serverfarm,24
US Signal,24
Sabey Data Center Properties LLC,24
Crown Castle,24
Virtus Data Centres,24
LightEdge,23
OVHCloud,23
ST Telemedia GDC,23
Carter Validus Mission Critical REIT,23
Verizon,23
CBRE,23
IBM,23
Cloverleaf Infrastructure,23
TATA Communications,23
Menlo Digital,22
Alticom,22
Rowan Digital Infrastructure,22
STACK Infrastructure,22
TeraWulf,21
DartPoints,21
HorizonIQ,21
GlobalConnect,21
center3,21
Claro,21
Aligned,21
DC BLOX,20
Ark Data Centres (UK),20
FirstLight,20
Edgeuno,20
Peterson Companies,20
Etix Everywhere,19
Princeton Digital Group (PDG),19
Colt Technologies,19
Byrd Farms LLC,19
CapitaLand,19
ACE (African Coast to Europe),19
Digital Edge DC,19
AT&T,18
Edged Energy,18
Evocative,18
Global Switch,18
NextEra Energy Resources,18
Innova Solutions,18
Bitfarms Ltd.,18
NEXTDC,17
Retelit,17
NorthC,17
PowerHouse,17
Flõ Networks,17
Enzu,17
Keppel Data Centres,17
iomart,17
Evocative Data Centers,17
Retelit S.p.A.,17
AtlasEdge Data Centers,16
Pioneer Development,16
Facebook,16
Continent 8 Technologies,16
iTel Networks Inc.,16
Digital Fortress,16
DigiCo Infrastructure REIT,16
Cellnext,16
Provident Data Centers,16
MDC Data Centers,16
eStruxture,16
Hewlett Packard (HP),15
CDC Data Centres,15
"VNET Group, Inc.",15
CROWN CASTLE,15
Vocus Communications,15
AAPT,15
Brookfield Infrastructure Partners LP,15
Orange,15
KT Cloud Data Centers,15
IDC Chunghwa Telecom,15
CleanSpark,15
Atlas Development LLC,14
Apple,14
Colt,14
Kpn International,14
Spark Digital,14
Mapletree Redwood Data Centre Trust (MRDCT),14
Rackspace,14
1547 Critical Systems Realty,14
GTS Telecom SRL,14
Soluna Holdings,14
Urbacon Data Centre Solutions,14
FDCservers.net,14
CtrlS Datacenters LTD,14
Chirisa Technology Parks,14
Beale Infrastructure,13
AVAIO Digital Partners,13
Metrobloks,13
Cirion Technologies,13
"CalEthos, Inc.",13
Lincoln Rackhouse,13
The BlackChamber Group,13
Ascenty,13
Soluna,13
Cielo Digital Infrastructure,13
Telstra,12
Nebius,12
Claranet Ltd,12
Crusoe,12
ColoCrossing,12
Khazna,12
Chirisa,12
Aruba.it,12
Airtrunk,12
Atlantic Metro Communications,12
Data Canopy,12
DC Blox,12
11:11 Systems,11
Netrality Data Centers,11
FirstBlock,11
Noovle,11
Keppel Data Centres Germany Holding GmbH,11
VADS,11
Unknown,11
LDCOM,11
SAT-3,11
Fermi America,11
Element Critical,11
"Project Turbo, LLC",11
Bridge Data Centres,11
ColoSpace,11
Applied Digital Corporation,11
Corscale,11
Hibernia Atlantic,11
ColoHouse,11
Scala Data Centers,11
Nusantara Data Center (Moratelindo),11
CBTS,11
Datacenter United,11
BDx Data Centers,11
Teraco Data Environments,11
Acclivis Technologies and Solutions Pte Ltd,11
Raeden,10
Nxtra by Airtel,10
Neutrona,10
TulsaConnect,10
Centrilogic,10
chorus nz,10
"Meta, Inc.",10
MedOne,10
Verizon Communications Inc.,10
Singtel,10
Penta Infra,10
Colovore,10
Brightspeed,10
Eurofiber Cloud Infra,10
Unclaimed,10
Consolidated Communications,10
GDS Services,10
Quality Technology Services (QTS),10
Reliance Communications Ltd.,10
Bahnhof AB,10
Millicom (Tigo),10
Netrality,10
RadiusDC,10
Alliant Energy,10
DCI Data Centers,10
"Bolingbroke Technology Center, LLC",10
Rogers Communications Inc.,10
Rostelecom,9
SIfy Technologies Limited,9
Renfe,9
Datacom,9
Telxius,9
China Unicom,9
ScaleMatrix,9
JK Land Holdings,9
Undisclosed,9
myLoc a WIIT Company,9
AT TOKYO,9
xAI,9
Ark Data Centers,9
Data4,9
Fujitsu,9
iAdvantage,9
Novva,9
TA Realty,9
NorthC Datacenters,9
Lunavi,9
NextStream,9
Applied Digital,9
WACS (West Africa Cable System),9
EvoSwitch,9
Verrus,9
Archer Datacenters,9
American Tower,9
Spark Nz,9
CBTS LLC,9
Cipher Digital,9
Reliance Data Center,9
Qu Data Centres,9
Internet Solutions (IS),9
"Salcido Enterprises, LLC",9
INAP (Internap Corporation),9
TDF,9
"Takanock, LLC",8
CoreWeave,8
Deep Green,8
123NET,8
Skybox,8
PAIX Data Centres,8
"Critical Data House, LLC",8
Expedient Data Centers,8
Euclyde Data Centers,8
Savion Renewable Energy,8
"Consolidated Communications Holdings, Inc.",8
Apple Inc.,8
Segra,8
Edge Centres,8
Limestone Networks,8
T Mobile,8
Lumos Networks,8
Oppidan,8
Selectel ltd,8
Vaultica,8
Ascenty Data Centers,8
Internet Solutions,8
TECfusions,8
Prometheus Hyperscale,8
Virgin Media,8
Fifteenfortyseven critical systems realty,8
ScaleUp,8
Liquid Web,8
Bell Canada,8
MainOne,8
MARA Holdings,8
"Duos Edge AI, Inc.",8
BT Services (British Telecom),8
Dimension Data,8
Switch Data Centers,8
MetaEdge,8
Grupo Aire,8
Goodman Group,7
Hostway,7
Sarenet,7
Hostrunway,7
HostDime,7
Immedion,7
Fujitsu Global,7
Volico Data Center,7
Beacon AI Centers,7
Scaleway,7
IREN (Iris Energy),7
IRIDEOS S.p.A.,7
Adgar Data Center,7
Net2EZ,7
Alpheus Communications,7
DataPro,7
Voxility,7
KDC,7
American Tower Corporation,7
BICS SA,7
NewYork GreenCloud,7
CITIC Telecom International CPC,7
Planetel Nordest,7
Connect Data Centers by Oppidan,7
Comcast,7
AiNET,7
Entergy Louisiana,7
SoftLayer Technologies (IBM Cloud),7
Swisscom,7
Nordavind,7
Online Tech,7
3s Poland,7
Atlas Agro,7
Tecto,7
Trammell Crow Company,7
DCI Indonesia,7
Raxio Group,7
CleanArc Data Centers,7
Redcentric PLC,7
5C Data Centers,7
SCSK.,7
Northgate by Elemental,7
Bitdeer,7
TI Sparkle,7
"DaSTOR, LLC",7
Novva Data Centers,7
Aptum Technologies,7
"US Signal Company, LLC",7
LOGIX FIBER NETWORKS,7
Otava,7
M247 Global,7
Telekom Malaysia,6
IPXON Networks,6
Hut 8,6
NXDATA,6
IREN,6
Proximus,6
Sentinel Data Centers,6
Quest Technology Management,6
"Ryan Companies US, Inc.",6
Solnet,6
PointOne,6
Etihad Etisalat (Mobily),6
Vodafone Group Plc,6
NTT DOCOMO BUSSINESS,6
Tiscali,6
Data Foundry,6
Mega Data Centers (Mega DC),6
MTI / GLH (MTI Technology Limited / GLH),6
Involta,6
Sentrum,6
CSF Group,6
STOKAB,6
Colocationix gmbh,6
Scannell Properties,6
"Slovak Telekom, a.s.",6
Xand,6
SBA Edge,6
Africa Data Centres,6
RagingWire,6
ARTERIA Networks Corporation,6
Ada Infrastructure,6
vXchnge,6
Hostirian,6
NLDC,6
VPSserver,6
CDS Global,6
LS Power,6
Entergy Arkansas,6
Elea Data Centers,6
SoftBank Group Corp,6
ServerFarm,6
Leading Edge Data Centres,6
Krypt,6
OneNeck,6
Lattelecom,6
TM ONE,6
Switch Datacenters,6
Netshop ISP,6
Macquarie Data Centres,6
CyberNest,6
ODATA,6
Selectel,6
Soluna Computing,6
Start Campus,6
Ar Telecom,6
Summit,6
South Reach Networks,6
towngas telecom,6
Bitdeer Technologies Group,6
VTX1 Companies,6
ByteGrid,6
EdgeCore Digital Infrastructure,6
"Riot Platforms, Inc.",6
Cipher Mining Technologies Inc.,6
Centersquare,6
SFR,6
Related Digital,6
atNorth,6
Rackspace Hosting,6
Yondr Group,6
Hscale,6
Grupo ACS,6
redIT,6
Origis Energy,5
Open Access Data Centres (OADC),5
Open DC,5
Itenos,5
Lambda,5
Viasat,5
Entergy Mississippi,5
Optage Inc.,5
Swisscom (Switzerland) Ltd.,5
Irongate,5
KPN International,5
Karis Critical,5
Alibaba Group,5
Nebraska Public Power District,5
Templus,5
Tele2,5
BT Global Services,5
Terremark,5
Sparkle,5
Kinx Inc.,5
Leeward Renewable Energy,5
Lincoln Property Company,5
Latisys,5
Les.net,5
Aphorio Carter,5
BluSky AI Inc.,5
Syptec,5
DBT DATA,5
"NaviSite, Inc.",5
Neuf Cegetel,5
Northland Communications,5
DP Facilities,5
"Efly Cloud Computing Co., Ltd.,",5
ESDS Software Solution Pvt. Ltd.,5
Aventus Data Centers,5
Triara MTY,5
MATRIX NAP,5
Tedra,5
Talen Energy,5
BIT,5
Delska,5
National Informatics Centre (NIC) India,5
Dataplace,5
Binary Net,5
TRG Datacenters,5
TPG telecom,5
Metronode,5
Celeste,5
Samsung SDS,5
Canberra Datacentres (CDC),5
GI Partners,5
"Windstream Services, LLC",5
Adam LTD,5
asia tone,5
5g networks limited,5
AAIM Data Centers,5
5G Networks,5
DigiPlex AS,5
EBRC (European Business Reliance Centre),5
Sify Corp,5
Schneider Electric,5
Comarch ICT,5
ColocationPLUS,5
FirstLight Fiber,5
Fibernet,5
FiberMedia,5
IREN Prince George,5
Web Werks India Pvt Ltd,5
InterDC,5
Colocation NorthWest,5
Proact,5
Plan B,5
QuadraNet,5
Psychz Networks,5
Seeweb,5
Fujitsu Australia Limited,5
Altice Portugal,5
24Shells Inc,5
Asanti,5
VAZATA,5
Ark data centers (Iowa),5
telemaxx telekommunikation gmbh,5
Nxtra Data,5
Liberty Center One,5
Blockchain Power Corp.,5
Vaultas,5
Hurricane Electric,5
Q9,5
cibicom a s,5
OneAs1a,5
IP Pathways,5
Zenium Technology Partners Limited,5
inexio GmbH,5
Oath,5
Claranet,5
Southern Telecom,5
AVAIO Digital,5
Pure DC,5
AIS Data Centers,5
Green Mountain Data Center,5
SB Energy,4
icolo.io,4
Sabey,4
HIVE Digital Technologies Ltd,4
Sequitor Edge,4
China Mobile,4
CentriLogic,4
Xfernet,4
Bezeq International (BI),4
Host-it,4
Civicos Networking,4
3S Data Center,4
iSeek,4
Rye Development,4
Plan B Limited,4
PrimeTel,4
Riot Platforms,4
R-KOM,4
INOC Data Centers,4
IP-Only Telecommunication AB,4
Aire,4
Webaxys,4
IP Only,4
Akquinet outsourcing ggmbh,4
IslaLink Data Center,4
ITsjefen AS,4
Ikoula,4
ITandTEL,4
IronGate Data Centers,4
Basis Bay,4
Colocation Northwest,4
eASPNet Taiwan Inc,4
Prov.net/IronTrust Networks,4
Plusserver,4
Infinity SDC Limited,4
Green Datacenter,4
IDC Frontier,4
CONAPTO,4
Cegeka,4
Gen-i,4
Santee Cooper,4
Green Data Centers,4
Getronics,4
RNP,4
CoSentry,4
NOVVA,4
GleSYS,4
Groupe Oceanet Technology,4
eww ITandTEL,4
Zayo,4
lwlcom gmbh,4
vaultas,4
i3D.net,4
iConnect Montana,4
H5 Data Center,4
tivit,4
Ørsted,4
Greenhouse Datacenters B.V.,4
"TenKey LandCo, LLC",4
Takanock,4
BICS SA/NV,4
Telkomsigm,4
TeraGo Networks Inc.,4
Pearl Technology,4
Mobile Telesystems (MTS),4
Deutsche Telekom ag,4
Citynet,4
Form8tion Data Centers,4
IPHH Internet Port Hamburg,4
MiningStore,4
Namex,4
Hut 8 Canada,4
Beyond.pl,4
Galaxy Digital,4
Greek research and technology network grnet,4
Green Datacenter AG,4
Telefonica,4
Telecom Argentina S.A,4
Telehouse America,4
DataHOUSE,4
Mon Power / Potomac Edison (FirstEnergy),4
Eagle Rock Partners,4
ValorC3,4
ManagedWay,4
DC BLOX Inc.,4
OTAVA,4
US SIGNAL,4
Ans group limited,4
Northern Data AG,4
Ooredoo Global Services (OGS),4
Black Mountain,4
NetMagic Solutions Pvt Ltd,4
CENTRA Digital Interconnect,4
Starwood Digital Ventures,4
Oracle Cloud Infrastructure,4
Everstream,4
TDF Company,4
Enseva,4
Ensono,4
Stokab,4
Amazon Data Services,4
Viettel IDC,4
Bell,4
Sonda,4
Synoptek,4
NxtVN,4
Southeast Property Holdings LLC,4
LCL Belgium,4
LCL NV,4
Lightsource bp,4
OneAsia,4
Latos,4
Eletronet,4
TransGas Development Systems,4
Ascent Corp,4
MDS Technologies,4
BlockOps,4
Encore Technologies,4
LexisNexis,4
LG CNS,4
Ark Data Centers (formerly Involta),4
NeutraDC,4
Lunar Digital,4
Arizona Land Consulting,4
Atman,4
Oppidan Investment Company,4
NaviSite,4
Neterra Telecommunications,4
Netia,4
LuxConnect,4
Duke Energy,4
ManagedWay Company,4
BPCE Infogérance et Technologies,4
telecom italia sparkle,4
Atos,4
Thor Equities,4
Vistra,4
Redcentric,4
Romtelecom Carrier Services,4
DataVerge,4
Data Center West,4
Neterra,4
Nautilus Data Technologies,4
Coloblox,4
SaskTel,4
SFR SA,4
SEACOM,4
noris network ag,4
Bitfarms Ltd. (Keel Infrastructure Corp.),4
Copia Power,4
Opcore,4
Open Access Data Centers,4
TECH.RU,4
Panattoni,4
Peace Communications,4
CME group,4
"C7 Data Centers, Cloud and IT Services",4
Shared Services Canada (SSC),4
NGenX,4
Constellation Energy,4
Noris Network AG,4
FOGO Solutions,4
Interactive,4
Interconnect Services BV,4
KINX,4
iliad Datacenter,4
5C Group Inc.,4
American Internet Services (AIS),4
true idc,4
Eveo LLC,4
BlueBridge Networks,4
Katalyst,3
TIS Data Centers,3
"TCC Technology Co., Ltd",3
BlackChamber Group,3
K2 Data Centres,3
InterBS S.R.L.,3
FIBERTOWN,3
Invenergy,3
InterNexa,3
One Data Center America,3
Fusion Connect,3
Invest inLapland,3
Invitel,3
D. E. Shaw Renewable Investments (DESRI),3
C I Host,3
Impulse Advanced Communications,3
South Front Networks,3
InTechnology,3
Indonesia Super Corridor,3
Summit (formerly Deft),3
Cyta (Cyprus Telecommunications Authority),3
Omaha Public Power District,3
JPMorgan Chase,3
NextDC,3
NorthPoint Development,3
Nexus Data Centers,3
NocRoom Miami Colocation VPS,3
Africa DataCentres,3
Agile,3
Nexspace data centers,3
DTE Electric Company,3
DRFortress,3
Bresco Broadband,3
Alphalink,3
Voonami,3
Vodafone,3
Vodafone España,3
"Amazon Data Services, Inc.",3
Anexia,3
Angola Cables,3
American Bitcoin (Hut 8),3
Sure,3
AltusHost,3
Steadfast Networks,3
Alpha Technologies,3
Ficolo Ltd,3
Philippine Long Distance Telephone Co (PLDT),3
Pfalzkom Gmbh,3
InterRacks,3
CoreLink,3
Core-Backbone GmbH,3
Peaknetworks,3
Internet Initiative Japan Inc. (IIJ),3
Interconnection Clearinghouse Nigeria Limited (ICN),3
CIDS Data System china,3
DATA4,3
Serverhouse,3
Fogo Data Centers,3
IDC Indonesia,3
C-Spire,3
Fluidstack,3
Firstlight Fiber,3
Crane Data Centers,3
PRSM Group,3
PIPE Networks,3
ICT Center,3
I.C.E. Datacenters,3
Fleet Data Centers,3
Overwatch,3
PT IndoInternet Tbk,3
Overwatch Capital,3
Cyber Network Indonesia,3
Westelcom,3
CANCOM Austria,3
WhiteHat,3
Six Degrees Group,3
Wingu.Africa,3
Sitel,3
Pacifico Energy,3
StraTech,3
Subrigo,3
Whipcord,3
Webtuga,3
Vision Net,3
Alterra Development,3
Alliant Energy (Interstate Power and Light),3
Copper State Communications,3
Cooolbox,3
Allied Properties REIT,3
Opti9 Technologies,3
Stack Group,3
Telin (Telkom Indonesia),3
Machine Investment Group,3
Echelon Data Centers,3
Diode Ventures,3
Macquarie Telecom,3
Meeza,3
MTF Data,3
Edged US,3
Lifeline Data Center,3
NRB,3
Ixcellerate,3
ENOVUM,3
EcoDataCenter,3
N+ONE Datacenters,3
Logix,3
LightEdge Solutions,3
MettaDC,3
Merlin,3
Elion,3
NTS workspace,3
Elisa,3
NEXEREN,3
NT Data Center (NTDC),3
Manx Telecom Ltd,3
Tennet,3
Tele2 Telecommunication GmbH,3
Duke Energy Carolinas,3
BCE Broadcasting Center Europe,3
Atlas Communications Ltd.,3
MDC (McAllen Data Center),3
Atomic Data,3
Atman sp. z o.o.,3
Eagle Rock Partners LLC,3
M5 Hosting,3
Dokom gesellschaft fur telekommunikation mbh,3
ECC Solutions,3
True Internet Data Center,3
MidAmerican Energy,3
"Metanet, Inc.",3
UKFast,3
Terra Nexus Ventures,3
Barclays,3
Avaio Digital Partners,3
Be Company,3
Telkom Kenya,3
Dr.-Ing. Nepustil & Co. GmbH,3
US Internet,3
DataYard,3
Linxdatacenter,3
KARIS Critical,3
New York Internet,3
Viatel Technology Group,3
Verne Global,3
"BlockchAIn Digital Infrastructure, Inc.",3
Vianova,3
Biznet Networks,3
NEX Data Center,3
"T-Mobile US, Inc.",3
T Systems,3
Versatel AG,3
Veloxserv,3
University of Virginia,3
Beeks Financial Cloud Group,3
Data Journey,3
Nebius Group,3
Navisite,3
Energy Storage Solutions,3
Data Foundry Inc,3
Venyu,3
NETdepot,3
Nabiax,3
Bit Data Center,3
Beltline Energy,3
TAT-14 Cable System,3
"UnitedLayer, Inc.",3
Telepoint,3
Telecom Malaysia (TM),3
UnitedLayer,3
Telefonica Global Solutions,3
NTT SmartConnect,3
"Atlantech Online, Inc.",3
Datum,3
Ataraxie,3
Datacenter Luxembourg S.A.,3
Atlantic.net,3
Vega Telecom,3
NEC Corporation,3
Aptum,3
DataChambers,3
Net Access Corporation,3
Ufinet,3
Atlas Power,3
G-system,3
Chief Telecom Inc,3
Greenidge Generation,3
Grind Capital Group,3
Fundamental Data LLC,3
Priority Power,3
Red Wolf DCD Properties,3
Fortitude,3
Free Net Business Solutions Sdn Bhd,3
WindHQ LLC / Canaan Inc.,3
Alchemy Communications,3
Global Stack LLC,3
Sentinel,3
PhoenixNAP,3
CS LoxInfo,3
Global Cloud Xchange (GCX),3
Green House Data,3
Volico,3
Hangzhou Netbank Interlink Technologies Inc.,3
Perimeter Technology,3
Pivot Data Centres,3
COPT,3
123Net,3
e-shelter services GmbH,3
Computer Concepts Limited (CCL),3
Global Connect,3
Revolve Labs,3
STELLARIX,3
Cable&Wireless Worldwide,3
SDC Capital Partners,3
GTD LLC,3
Coinmint,3
STACK EMEA,3
CityLink,3
CapGemini,3
Province Group,3
Galaxy Data Centers,3
S-NET Sp z o.o.,3
ILI Group,3
A1 Group,3
Hetzner Online GmbH,3
myNET Internet Solutions,3
Global ?leti?im Hizmetleri A.?.,3
31173 services ab,3
Wolfpaw Services,3
Homer City Redevelopment,3
Global AI,3
Global Access Point,3
Cobalt Data Centers,3
Green Data Center,3
Sentinel Datacenters,3
Cogeco Peer 1,3
CherryRoad Technologies,3
Wolfpaw Data Centres Inc,3
teraswitch,3
AQL,3
over the wire pty ltd,3
Gateway Gulf,3
Scipio Technologies,3
Wildcard Networks,3
CROC Incorporated,3
Yovole,3
SK boardband,3
Yexio,3
Wowrack,3
AIMS Data Centre SDN BHD,3
3z Canada,3
akquinet,3
AIMS,3
Gyron Internet,3
Green Colo LTD,3
Connect Data Centers (Oppidan Investment Company),3
SAP,3
Centersquare (Cyxtera/Evoque),3
xAI Corp,3
Hetzner,3
Centersquare (Csquare),3
HKCOLO,3
stackit,3
Serverius IT Infrastructure,3
Serverius datacenters,3
ATMAN,3
Yotta Data Services,3
ServerHouse,3
CloudBurst Data Centers,3
csf group,3
Centeris Data Centers,3
Simple Mining,3
Alabama Power,3
Ricoh India,3
Host.net,3
nec corporation,3
Goodman,3
Wylie Capital,3
netrix llc,3
Sirius,3
viLogics Data Centers,3
Sinnet,3
WowRack,3
CERN,3
"Will-Power OH, LLC (Williams Companies)",3
Empyrion Digital,2
"UOL DIVEO (DHC), Inc.",2
"Empire AI consortium (hosted by the University at Buffalo, SUNY)",2
Legacy Investing,2
1-Net Mediacorp,2
LINZ AG TELEKOM,2
3EX Hosting,2
Latitude.sh,2
639 Solar,2
Arsys Internet S.L.,2
Arsalon Technologies,2
Tyna Host,2
910Telecom,2
GrafiX Internet BV,2
VIVACOM,2
VISI,2
Valley Oak Partners,2
Anacondaweb,2
Amp Z,2
Granite Networks,2
Apto,2
Arizona Public Service (APS),2
Grand Ming Group,2
24 Hour Data,2
Atlantic.Net,2
Ascent Data,2
Arizona Land Consulting (ALC),2
ono,2
Undisclosed developer,2
Urban Story Ventures,2
Unix Solutions,2
VERIXI,2
3u telecom gmbh,2
Ark Data Centres,2
360 Networks,2
teknotel telekomunikasyon a s,2
Uniserve Communications,2
Got.Net,2
Travelers Insurance Group,2
AQ Compute,2
Tieto,2
ATI Solutions Inc.,2
UNI-C,2
UNICORN INTERESTS LLC,2
UIH,2
Latechco,2
The Bunker,2
Grid Telekomünikasyon Hizmetleri A.S,2
Terra Ventures,2
Green Mountain Data Centre,2
The Benaroya Company,2
Axtel,2
Ayrade,2
Green Energy Ventures,2
Terago Networks Inc,2
Mantra Data Centers,2
Mapletree Redwood Data Centre Trust,2
Galileo Connect,2
"Markley Boston, LLC.",2
Markley Group,2
Maincubes,2
Management Science,2
Townsite Solar 2 LLC,2
Mainroad,2
M&T Bank,2
MCV Broadband,2
GCX (Global Cloud Xchange),2
"Login, LLC",2
Dominion Energy Virginia,2
East Kentucky Power Cooperative,2
Towngas Telecom Fixed Network Ltd.,2
Management Science Associates,2
Edgnex Data Center,2
Lumison,2
EdgePresence,2
EdgeCloudLink (ECL),2
Locaweb,2
Logistix Property Group,2
GTA (Teleguam Holdings LLC),2
The US Social Security Administration (SSA),2
Lufthansa Systems,2
Genesis Digital Assets,2
daisy group,2
Embratel,2
En+ Group,2
Enable Networks Limited,2
APA-IT Informations Technologie GmbH,2
360TCS,2
Lumos Data Centers (LDC),2
The Province Group,2
MCD 7 LLC,2
Groupe elb Multimedia,2
Global-e Datacenter BV,2
Global-Enterprise,2
EDP Renewables North America,2
ENGIE Services,2
Lifeline data centers,2
MLP Ventures,2
MMM Acquisitions,2
MSB Global Services,2
M-net Telekommunikations,2
GrafiX Internet B.V.,2
Lightbound,2
Gemini Data Center SD LLC,2
Gelsen-Net,2
Ebay,2
Wells Fargo,2
INTRED SPA,2
Wholesale Internet INC.,2
WiTCOM,2
Fullsave,2
WNB A/S,2
IP Converge Data Center,2
Air Products,2
Entel S.A.,2
Wnet,2
Wells Interconnection,2
Al Ra’idah Investment Company,2
Westbank,2
Virtustream,2
Visiant Outsourcing,2
VisualHosting,2
Volia,2
AgriFORCE Growing Systems Ltd.,2
Interstate Holdings Blockchain,2
AT TOKYO Corporation,2
GIGA Data Centers,2
GPX Global Systems,2
GGEW net,2
ITS telecom,2
ITnow Data Center,2
GE (General Electric Company),2
Alchemy Data Centers LLC,2
Hixson Data Center,2
Hines,2
HopOne Internet,2
Iaas Datacenter,2
"InfoRelay Online Systems, Inc.",2
Hunt Midwest,2
Indosat,2
Industrielle Werke Basel (IWB),2
ImpactData,2
Actapio Inc,2
"ForgeLight Ventures, LLC",2
ITD Networks,2
ISG Technology,2
IELO / Lost Oasis,2
Advanced Communications Technology (Range),2
IT&E,2
"Five 9s Digital, LLC",2
We Energies (WEC Energy Group),2
IPR International,2
Adista,2
"Hyperscale Data, Inc.",2
Huawei,2
ICM,2
First National Technology Solutions,2
Fuzion,2
Frontier Communications Corporation,2
Finnish Communication and Internet Exchange (FICIX),2
AlasConnect,2
IX liverpool limited,2
Fervo Energy,2
Fiber 23,2
Fastweb S.p.A.,2
Fibertech,2
Acens,2
Acehost Data Centers,2
Active Infrastructure,2
Internet Initiative Japan Inc.,2
Wright Brothers Construction,2
International Electric Power,2
Internet Facilitators,2
Fortescue,2
ZeelandNet,2
Adentro Cloud Solutions,2
Fastmetrics,2
Fastmetrics LLC,2
"InterServer, Inc",2
ArchGreen Infrastructure,2
Archbald I LLC,2
Ardent Data Centers,2
KnC Miner,2
Energy Abundance Development Corporation,2
GLO-1 (Globacom-1),2
Energy Capital Partners,2
Eneus Energy,2
Iron Rails Data Centers,2
"LDeX, an iomart company",2
Lamda Hellix Data Centers,2
Lancium,2
G8 Networks,2
GI Property Management,2
Keystone NAP,2
HiHo GmbH,2
JT Group Limited,2
Enfinity Global,2
Lepida,2
Layer One,2
Layer42 Networks,2
Kontron AG,2
KBC,2
vdc virtual data corp,2
Eircom,2
Amaara Networks,2
ICS,2
ÖBB Telekom Service GmbH,2
Vint Hill Corners LLC,2
westelcom networks,2
Vivio Technologies,2
Hostdime.com,2
Hosting Solutions,2
Arcan Networks,2
Amanah Tech Inc.,2
Vermaland,2
YourDC,2
Your DC,2
Eurofiber Cloud Franxe,2
Kagoya Japan,2
Etisalat,2
Jumping Bison LLC,2
e-Quest,2
KDI Wyalusing Power LLC (Klondike Digital Infrastructure / New Fortress Energy),2
GNC-Alfa,2
EscapeNet,2
Eskom,2
fsit ag,2
Intermax Managed Hosting,2
Evolink AD,2
"FairPoint Communications, Inc.",2
Academica Oy,2
Isocentric Networks,2
Ericsson,2
Joule Capital Partners,2
Intero Systems,2
ASAC Comunicaciones,2
Ad Valem Technologies,2
Acronis,2
World4You Internet Services GmbH,2
Voyager Internet Ltd,2
Viridian Acquisitions LLC,2
Altus Information Technology ltd.,2
Alink Telecom,2
VoltaGrid,2
Wide Host Media,2
"Voonami, LLC",2
WEBAXYS,2
fpt telecom,2
American Intelligence & Power,2
Amentum,2
"American Business Continuity Centers, LLC.",2
Algar Telecom,2
Skyband,2
Silicon Ranch Corporation,2
Saudi Telecom Company (STC),2
Sberbank,2
Schuberg Philis,2
CWCS Managed Hosting,2
Sargasso Networks Inc.,2
Polarise,2
Polcom,2
CommCorp,2
Contegix,2
HLkomm Telekommunikations GmbH,2
Poolside AI,2
Portugal Telecom,2
Portus Data Centers,2
PointOne Developments Ltd.,2
Penn State,2
Corserva,2
PIX,2
PLUTEX,2
PT Prime,2
PT XL Axiata Tbk,2
Oricom Internet Inc,2
Poolside,2
Prov.net,2
Quantica Infrastructure,2
Prism Capital Partners,2
Pro Data Center,2
Colozueri.ch AG,2
Polar DC,2
Polaris Data Centre,2
Previder,2
PrimeTel PLC,2
Colocity,2
Colo Locker - Evocative,2
Skali,2
PowerTransitions,2
Continuity Centers,2
Penzance Management,2
Performive,2
ContinuitySA,2
Conova Communications GmbH,2
Colobern.ch,2
CITIC Telecom CPC,2
CETIN Bulgaria,2
CMC Networks,2
CME Group,2
Smals,2
"Clear Rate Communications, Inc",2
BluegrassNet,2
Blueprint Data Centers,2
Standard Bank of South Africa,2
Sota Solutions Ltd,2
Stargard,2
"Buckeye Telesystem, Inc",2
Brightsolid Ltd,2
Strata Expanse,2
Sprint,2
StarHub Ltd.,2
Six Degrees,2
Crane LLC,2
Skylink Data Centers,2
CENTRA,2
PT Karyabangun Nusantara,2
Over the Wire Pty. Ltd.,2
Critical Hub Networks,2
NxData,2
Nuco Technologies Ltd,2
Sudatel Telecom Group,2
Swisscolocation SA,2
SysEleven,2
Süc // dacor GmbH.,2
SingTel Group,2
BroadRiver,2
Sofia Connect,2
Soleblanca SA,2
C Spire,2
Smartdc,2
SmartDC B.V.,2
Solstice Data,2
Servpac,2
Shatter I.T.,2
Sharpless Enterprises LLC,2
"COLO@, LLC",2
Custodian Data Centres,2
CNX Resources,2
Computacenter,2
Peak Mining,2
PathOne Data Centers,2
Convergent VA LLC,2
Pacific Internet,2
Pi Datacenters,2
Pars Online Data Center,2
Patmos,2
"Optic Fusion, Inc.",2
Opus Interactive,2
CubeXS Weatherly (Pvt.) Ltd.,2
CITIC Telecom International Limited,2
keyinfo,2
iWeb Technologies Inc.,2
S-NET Sp. z o.o.,2
Charter Communications,2
SACOFA,2
"SAGO Networks, LLC.",2
SAKURA Internet Inc.,2
Russian Railways,2
"Citynet, LLC",2
Rack & Data,2
Racksquared,2
Ptolemy Data Systems,2
RWE Clean Energy,2
City Hosting,2
Cisco,2
Citigroup Inc.,2
CityNAP,2
"CityNet Telecom, S.A.E.",2
Cipher Mining,2
Raiffeisen Informatik GmbH,2
Regie Gaz Electricite,2
Recovery Point Systems,2
RTI connectivity pte ltd,2
Racksquared Data Center,2
Hawaiian Telcom,2
Gulf Data Hub (GDH),2
H5 Data Centers / Novacap,2
nawork,2
railtel corporation of india ltd,2
1-Net Singapore Pte Ltd,2
3U Telecom,2
maincubes b.v.,2
menlo digital,2
AES Corporation,2
AIMES Grid Services CIC,2
aixit GmbH,2
hgc global communications limited,2
i2b Networks,2
unWired Broadband,2
inwi,2
truenetwork russia,2
iM Critical,2
"1&1 Internet, Inc.",2
702 Communications,2
multacom inc,2
1778 Rich Pike LLC,2
plusnet gmbh and co kg,2
iRack,2
senseLAN,2
Provision Data Services,2
SVCOLO,2
SS&C GlobeOp,2
Carrier Colo,2
COPT Data Center,2
Carbon60,2
Sangha Renewables,2
Sandhills Energy,2
Santander Data Centers,2
RuWeb,2
RockyNet Inc.,2
QSC AG,2
Rogers Communications,2
Centra,2
ServaxNet,2
CORE Data Centres,2
SeeConnect,2
Senawave,2
SURFsara,2
Colliers International,2
Clēnera,2
Provident Realty,2
"Project Turbo, LLC (developer; end user undisclosed)",2
Rogers Capital,2
QTD Systems,2
QX.Net,2
CloudFirst,2
Cloudnium LLC.,2
Cloudsmart,2
Roller Network LLC,2
SIX SI,2
"Cato Digital, Inc",2
CarrierColo,2
SD Data Center,2
SES S.A.,2
ColoGuys,2
Chief Telecom,2
Cascade Divide,2
China Telecom Americas,2
Cloudnium LLC,2
RACK59,2
Pulse DC Pty Ltd,2
PureColo,2
RackForce,2
Radius Data Centers,2
RLB Rider Levett Bucknall,2
ColoBarn,2
ColoCenter Frankfurt am Main GmbH,2
Revera,2
Datapipe,2
National Information Technology Agency (NITA) Ghana,2
Datahouse,2
Dataline,2
NYI,2
NYSE Euronext,2
Natelli Holdings,2
NW Colo,2
Microlink,2
Dell,2
Miran,2
Superior,2
Mountain West Technology Networks,2
NE Edge,2
MyTelehaus Sdn Bhd,2
NASDAQ,2
De Novo,2
Decennial Group,2
NOS Sistemas,2
NS3 SRL,2
Multinet,2
Master Internet Ltd.,2
Megafon,2
Mountain West Technologies,2
"Negma Business Solutions, Inc",2
Net4,2
Nebraska Colocation Centers,2
Datawire AG,2
Datazone,2
NED INC.,2
NOCIX,2
Datacenter Fryslan,2
Datatech UK,2
Dataware Services,2
Datum Datacentres Limited,2
Bezeq International Ltd. (BI),2
Telepoint Data Center Bulgaria,2
Telesystem,2
Telefonica O2,2
Telehouse America (KDDI),2
Talex S.A,2
Telemark Telekommunikationsgesellschaft,2
Telekommunikation Mittleres Ruhrgebiet GmbH,2
Telecom Argentina S.A.,2
TOPNET,2
TXLAAR LLC,2
TPx Communications,2
TCN Data Hotels,2
Basefarm,2
DigiPower X Inc.,2
Digihost (Digi Power X),2
Digital Core REIT,2
Dynaworx,2
E-Commerce Park N.V.,2
EDIS GmbH,2
The Morgan Reed Group,2
Aurum Capital Ventures,2
Australian Data Centers,2
Atmosphere Data Centers,2
Aurora Health Care,2
Megawire,2
Atlas Capital Group,2
Atlas Development,2
Tigo Business,2
TopneT Telecomunicazioni S.r.l.,2
Tishman Real Estate Services,2
BELNET,2
BEMOBILE,2
Aunalytics,2
Tennessee Valley Authority,2
Dynamic Internet,2
Dynamic Quest,2
Azur Datacenter,2
MekongNet IXP,2
Maxnod,2
Dimension Mission Critical Facilities,2
Digital Ocean,2
DediPower,2
Telkom SA,2
Telkomsel Gedung TTC,2
Telkomsigma,2
Tenue Ltd.,2
Telstra International,2
Telium Networks,2
Midco Business,2
BEAUMEADE DC BUILDING LLC,2
BEAUMEADE LC PHASE III LLC,2
Tata Communications,2
Telenor,2
Telepacific,2
Bank of America,2
Direct LTx,2
Masmovil Group,2
Digital Parks Africa,2
Digital Power Optimization,2
Digiweb,2
Midco,2
Telia Latvija,2
Bitstop Network Services,2
StratITsphere,2
Stellar Professional Communication Systems,2
Stellar Technologies Inc.,2
Bluebird Data Centers,2
Bluebird Network,2
DESRI (D. E. Shaw Renewable Investments),2
North Shore Datacenter,2
North Campbell Land Co. (Sphere 3D),2
ONI,2
DC2Scale,2
Neesa Technologies,2
DCT DULLES PHASE II LLC,2
Nordik DC,2
Netwise Hosting,2
Neutron Colocation,2
Newmark Grubb Knight Frank NGKF,2
DOCOMO PACIFIC,2
DTP (Dwi Tunggal Putra),2
DMG Blockchain Solutions Inc.,2
Dakota Carrier Network,2
DSM,2
Nic Br,2
DCI Data Center Services,2
Brookfield Renewable,2
Bytesnet,2
Bulk Infrastructure,2
Bunkerinfra Datacenters,2
Cypress Telecom Limited,2
OneEighty Networks,2
NuVox,2
Nucleus Connet,2
Obenetwork,2
Omega Systems,2
OVHcloud,2
Brightsolid,2
Node4,2
Northern Data,2
DEAC,2
DIGITAL LOUDOUN 3 LLC,2
DCSTAR,2
Cygrids Communications AB,2
Cyllene Solution,2
Symphony Communication Public Company Limited,2
Synapsecom,2
Blockfusion,2
TAKODA,2
TEAM Companies,2
Oasis Digital Properties,2
Bitzero,2
Blue Hill Data Services,2
Data Vault,2
National Telecommunications Corporation (CNT),2
Netshield,2
Data Electronics,2
Data Facilities,2
Nexcess,2
NewTelco Ukraine Ltd.,2
DataSite,2
DataSpace,2
Nixval,2
Data Center Power Company,2
Datacate Inc.,2
NYDIG DFM,2
DataBridge Sites,2
DataVita Ltd,2
Databarn,2
DataHub (data:hub),2
DataNovaX,2
Nebraska Data Centers,2
DataOne Lyon,2
National Security Agency NSA,2
DataVita,2
Next Layer GmbH,2
NextEra Energy,2
Northrop Grumman Systems Corporation,2
Nextgen,2
Data Holdings LLC,2
DLS Internet Services,2
Data Suites,2
Data One Corporation,2
"Data Shelter, LLC",2
Data City Exchange (DCE),2
TIVIT,2
Blockware Solutions,2
Beanfield,2
Bharat Sanchar Nigam Ltd. (BSNL),2
Big Digital Energy,2
Beltelecom,2
"Tech Vault, Inc.",2
Tascom telecomunicaes ltda,2
TasmaNet,2
Tech Futures Interactive Inc.,2
TMR - Telekommunikation Mittleres Ruhrgebiet GmbH,2
TNG Stadtnetz GmbH,2
Bell Aliant Inc.,2
BluSky AI,2
Bersama Digital Data Center,2
Петя Симеонова,1
10 Trade West Drive LLC/Charles S Kuhn Manager,1
100 Limite,1
phoenixNAP,1
raiffeisen informatik gmbh,1
root S.A.,1
runxun,1
neuCentrIX by Telin,1
nianet A/S,1
nixServers,1
node4 ltd,1
iLevant,1
iRis Networks,1
hostoweb,1
i-Tech Network Solutions,1
myLoc Managed Infrastructure AG,1
A1 Data Center,1
A1 Telekom Austria AG,1
AB Dalsbruks Fabrik,1
isp.net,1
itelligence Sp. z o.o.,1
iway AG,1
ixColo,1
icosnet,1
infinity telecom,1
interscholz GmbH & Co. KG,1
iHost.AL,1
ACA International (Assured Communications Advisors International),1
ACASIA Communications,1
ACD.net,1
atom86,1
bigbyte.cc,1
bitNAP,1
irix Sdn. Bhd.,1
iron mountain,1
ACS DC Hicks Field Road,1
ADDIX Internet Services GmbH,1
ADITU IZARBEL,1
"ADP Ladysmith Data Hub, LLC",1
ADRAL S.A.,1
AES Clean Energy,1
AES Eletropaulo,1
ABcom,1
GigeNET,1
Girasol Solar Farm LLC,1
Gibtelecom,1
Giga Watt Inc.,1
GigaByte Limited,1
Globalinx (GLX),1
Globalinx Data Centers,1
"Globe Telecom, Inc.",1
Global Center,1
Global Data Center,1
Global Data Service,1
Global Datacenter,1
Global Dataplex,1
Global Iletisim Hizmetleri,1
Gigared,1
Gigastream plc,1
Globalinx,1
GVA Connect,1
GVT,1
GX Networks,1
Global Reach Internet Productions,1
Global Relay,1
Global Securitization Services,1
Global-e Datacenter bv,1
Gothnet,1
Golden Acquisitions / The STEM Practice,1
Goldman Sachs,1
Google / Crusoe,1
Google LLC,1
Gorack,1
GlobalNet,1
Globalhost d.o.o.,1
Gawk Enerpower Ltd,1
Gearheart Communications,1
GeekGeorge,1
GenH,1
GYRO DC Holding BV,1
Gail Technology,1
Galaxy Backbone,1
Garden State Backup,1
GCX,1
Geneseo Communications,1
Genworth,1
GeoBitmine,1
Geraldton Data Centre,1
Geronimo Power,1
Geronimo Power (Brookfield Asset Management subsidiary),1
Gerry's Information Technology,1
Green Data Systems,1
Green Digital LLC,1
Green Energy Partners,1
Granite Renewables,1
Great Lakes Communication,1
Great Lakes Communication Corporation (GLCC),1
GCDC PURCHASER PHASE 1 LLC,1
GCI,1
Globecast,1
Greensparc,1
Grid/Jet Datacentres,1
Griffin Capital Essential Asset REIT,1
Griffin Capital Net Lease REIT,1
Greencourt Group,1
Greenidge Generation LLC,1
Green Data / Aetherion Inc.,1
Gtd Group,1
Guild Ventures,1
Guizhou-Cloud Big Data Industry Co (GCBD),1
Gyrocenter,1
Helion Energy,1
Helios Infrastructure (Nationwide / Sol Systems joint venture),1
Herakles Data Center,1
HereEast,1
HHHunt,1
HHHunt Corporation,1
HIGHWOODS PROP,1
H5 Colo,1
H5 Colo Inc.,1
H5 Data Centers (HyscaleIX JV with Novacap),1
H6 Coin LLC,1
Grubb & Ellis,1
HOSTKEY,1
HOUSING.COM.AR,1
HSBC Holdings,1
HT Networks,1
HUB Advanced Networks,1
HCA Healthcare,1
HFT Technologies,1
HGC GlobalCentre,1
Garrett Development Corporation,1
GRVX Host,1
GTS Telecom,1
Green Cloud Technologies,1
Green Colo Ltd,1
Green Data (Green Data Centers),1
HMC Capital,1
HOSTEX,1
Handy Networks,1
Hobart Devco,1
Hog Lick Aggregates,1
Holtec International (Holtec Decommissioning International),1
Homer City Redevelopment LLC,1
Honda,1
Hillwood-Sterling,1
"Hinds Solar, LLC",1
"Harvest Gold Solar Power, LLC",1
HW Technology Park (Hillwood Investment Properties / PowerHouse Data Centers),1
Habari Node Limited,1
Habitat Real Estate Partners,1
Hackman Capital Partners,1
Halton DC,1
Hamilton Managed Hosting&Colocation,1
Hammer Technology Holdings,1
"Heartland Business Systems, LLC",1
HeiTech Managed Services (HMS),1
Hanel-CSF Data Center,1
Hansen Technologies,1
Hanton City Investments LLC,1
Harel Mallac Technologies,1
Harmony Group,1
"Harris and Douglass Properties, LLC",1
Herman IT Oy,1
Hermes Real Estate IM Ltd (HREIM),1
Hetzner (Pty) Ltd,1
HashWorks Powered Land Waterford LLC (land entity tied to Cipher Digital / Sabre 56),1
"Hattiesburg Farm, LLC",1
Hawaiki Submarine Cable USA LLC (BW Digital),1
Hayden Technologies,1
Heartland Business System,1
GIFT Gujarat International Finance Tec-City,1
GIGANET Internet Szolgáltató Kft,1
GIPNetworks,1
GLOBE Datacenter B.V.,1
GI TC 45360 SEVERN WAY LLC,1
GI TC 7510 MASON KING CT LLC (Amazon),1
G4 Communications,1
GAM 403 MOUNTAIN LLC,1
GLS,1
GMI Computing (General Mint Inc.),1
GNET Grupalia Internet S.A,1
GO,1
GRIZZLY VENTURES LLC,1
"GROUPE MIT, s.a.r.l.",1
GI TC DEVIN SHAFRON LLC,1
GI TC LOUDOUN LLC,1
Highlander SM One,1
Highwire Energy Partners,1
Hewlett-Packard,1
Hexa Builders,1
Fortune Data Centers,1
Foundry Digital,1
Four Points LLC,1
Four Winds of Lake Erie LLC,1
Hines Global REIT,1
Hitachi Sunway Information Systems,1
Hive Data Center,1
High Availability Hosting Limited (H.A. Hosting),1
High Performance Data Centre (HDC),1
High Touch Technologies,1
HighQ,1
Highbridge Properties Plc,1
Host Networks,1
IC2NET,1
ICS BİLİŞİM TEKNOLOJİLERİ DANIŞMANLIK HİZMETLERİ A.Ş.,1
IDAGroup,1
HyperDataGrid,1
I-Evolve,1
"I2B Networks, Inc",1
I4-Networks,1
HostNordic Datacenter,1
HostRightNow Technologies,1
HostRocket,1
Hormigones Vascos,1
Hospedaje Web y Servidores Dedicados,1
Host Digital Infrastructure LLC,1
Host Europe Group,1
Host Group of Companies Pty Ltd.,1
Hostbasket,1
"Hostigger, Inc.",1
Hosting,1
Hosting UK (a division of Internet Engineering Ltd),1
Hostman LTD,1
HostDime Brasil,1
HostForLIFE.eu,1
HostMySite,1
HexaByte,1
Heywood - Network & Hosting Solutions,1
Hi Tech Solutions with Holtec International,1
Hostoweb,1
Hostpalace,1
Hostway Deutschland GmbH,1
Hostzone,1
Hot Site Data Center,1
"Frattalone Companies (via Monticello Tech, LLC)",1
Free Pro,1
Freeman Group,1
Fortistar North Tonawanda LLC,1
Fortress Colocation Centers,1
Fortress Data Centers,1
Hunters Ridge LLC,1
Huntley LLC,1
Fremont Peak Properties LLC (Beale Infrastructure),1
Front Range Internet,1
Frontline Data Services,1
Frost Bank,1
Franklin PUD,1
Franklin Partners,1
Frasier Cole,1
Frattalone,1
Huemer Group,1
Humber Tech Park Ltd,1
Fireline Broadband,1
First Colo GmbH,1
Fujitsu UK,1
"FullControl Network, Inc",1
FullSave,1
FullTel Communications,1
I74 Wired,1
Hut 8 Corp,1
Hutchinson,1
Hut 8,1
HydraVault,1
Hydro66,1
HyperBlock Inc.,1
Hudson InterXchange,1
Fjord IT,1
"Flat Fork Solar, LLC",1
FlexITy Solutions,1
Flo Networks,1
FirstDigital,1
Fisk University,1
Five 9s Digital,1
Five Up Realty LLC,1
IDCH Germany GmbH,1
IDL Internet,1
Fast2host,1
Fast2host - Fast4networks Ltd,1
Fogo Solutions,1
Fonds immobilier de solidarité FTQ,1
Fontys Hogeschool,1
FortaTrust,1
INTERGATE ASHBURN I LLC,1
"INTERNET CZ, a.s.",1
"IHNetworks, LLC",1
IKS GmbH,1
ILK Internet GmbH,1
IMS NETWORK,1
INDUSTRIAL PARK COURT LLC,1
INEONET,1
IONIC Digital,1
IONOS,1
IP House,1
IP Technology,1
INET,1
INFOMIL,1
INNON,1
INTELnet,1
IPSERV,1
IPXON Networks (Conexum),1
Inch & Co. / Eastern Land & Resources,1
Inch & Co. / Eastern Land & Resources Co. (1235 Martina Drive Owner),1
Independent Colocation,1
Indian River State College,1
Indiana Data Center,1
Indiana NAP,1
IT Guru Solutions,1
IT Park,1
IPcore,1
IPswiTch Group,1
ISAE École nationale supérieure de l'aéronautique et de l'espace,1
ISC (Indonesia Super Corridor),1
IPB Internet Provider in Berlin GmbH,1
IPHH - Internet Port Hamburg GmbH,1
ITC-Servicios,1
ITDev Solutions,1
ITPS,1
ISCorp,1
ISP Services (CleanPort BV),1
ISSAL,1
ISafeTECH,1
IStreet Solutions,1
Finexus,1
Fiore Companies,1
IFL,1
IFX Networks,1
IGN GmbH,1
IT TEL,1
IT Vision Technology,1
IT.Gate S.p.A.,1
Inforsud,1
Infotel Systems,1
InfraDMS,1
InfraKey Capital,1
Infrastructure Technology Solutions,1
Infrastructure Technology Solutions (ITS),1
Infinity Internet Inc.,1
Info Data Center,1
Injazat Data Systems,1
Inland Fiber & Data,1
Insiel,1
Inspur Group,1
Instituto Nacional de Fomento da Sociedade da Informação (INFOSI),1
Integrated Telecom Company Ltd.,1
Informatics Engineering Services Limited,1
Information and Communication Technology (ICT) Authority,1
"Ibercom (World Wide Web Ibercom, SL)",1
IbericaHost,1
Idaho National Laboratory (U.S. Department of Energy),1
IgLou Internet Services Inc.,1
ITSOFT,1
IUCT Oncopole,1
IX Africa,1
Init7,1
Inditex,1
Indonesia Internet Exchange (IIX),1
Imagine IPS,1
Imam Abdulrahman Bin Faisal University,1
ImmersionBTC,1
Imperial Valley Computer Manufacturing (IVCM),1
IXAfrica Data Centre,1
IXcellerate,1
Fiber Direkt,1
FairlawnGig,1
Fairmount Properties (with Oakland University),1
Fairview Crossroads LLC,1
Faros Properties,1
Inea,1
Inferencia Integral,1
Infinite Chain,1
FiberState,1
Fiberhub,1
"Fiberhub (VegasNAP, LLC)",1
Fiberpipe,1
Fiberstate,1
Federal Bureau of Investigation (U.S. Department of Justice),1
Fermi America,1
Fezzik Energy,1
Excellent Hosting,1
Fibre Centre ltd,1
"Fiddle Falls Solar, LLC",1
Fidelis Care,1
Fidelity,1
Fidelity National Information Services fis,1
Fidium (Consolidated Communications),1
FiberHub,1
Info Data Center Ltd,1
InfoBunker,1
"InfoBunker, LLC",1
Infonet DC,1
Industrial VI Enterprises / Hillwood,1
Exaion,1
ExcalTech,1
Excalibur Technology,1
FDCservers.net LLC,1
FLAG Telecom,1
FLEX-Integration,1
FO Permian Partners / HiVolt Energy,1
FOX PROPERTIES LLC,1
FPT International Telecom,1
ExoticRidge Crypto Company LLC,1
Expert Colocation,1
Inteliquent,1
Erron Pettry,1
FR RANDOLPH DRIVE LLC,1
FR SUMMIT LLC,1
Facility Gateway Corporation,1
Facility for Antiproton and Ion Research in Europe Gmbh (FAIR),1
Fair Holdings Llc,1
FairPoint Communications,1
Intermountain Power Agency,1
Internal Revenue Service,1
InterServer,1
InterVest Capital Partners,1
Intercity Technology,1
Interconexión Eléctrica (ISA),1
Integris,1
Intel Corporation,1
"Infinity Hosting Solutions, LLC",1
International Electric Power of Pittsburgh,1
Internet Company of New Zealand Limited (ICONZ),1
Internet For Business Ltd. (IFB),1
"Intercontinental Exchange, Inc. (ICE)",1
Interfiber,1
"Intermart, Inc. (BluegrassNet)",1
IntermediaSP (Interdotnet Argentina),1
Joes Datacenter,1
John Collich/BF SAUL REAL ESTATE INVESTMENT,1
John Hancock Financial Center,1
"Johnston, Dick & Associates (JDA)",1
Jomo Kenyatta University of Agriculture and Technology in Kenya (JKUAT),1
Jones Eagle LLC,1
Jones Lang LaSalle (JLL),1
Japan Land Limited,1
"Iron City Wells, LLC",1
Interwerk,1
Intraworks I.T.,1
Invitium Energy LLC (PPL / Blackstone joint venture),1
Internet Szolgáltatók Tanácsa,1
"Internet Technologies Angola, S.A. (ITA)",1
Internetworking Atlantic Inc. (IAI),1
Internic,1
Iserv,1
Isocel Telecom,1
Itaú Unibanco,1
"Involta (rebranded Ark Data Centers, May 2024)",1
Iowa Network Services,1
Iozera,1
IpHouse,1
Ipera,1
Eyeota Pte Ltd,1
FCCN,1
FCCN Fundação para a Computação Científica Nacional,1
Evolution Technology,1
Ewl Stollen Luzern,1
Eww Gruppe,1
InterBox Internet,1
InterNexo,1
Eurohub,1
European Data Hub S.A.,1
Eurus Energy,1
EspacioRack,1
Essent,1
"Essential Energy, LLC",1
Euperline,1
Equus Capital Partners,1
"Energy Vault, Inc.",1
EnergySolutions (with WEC Energy Group),1
Everest Data Centers,1
Everest Data Centres,1
Evinova,1
Evocative (formerly VPLS),1
Euphemystic Ventures,1
Eurofiber,1
JMA Wired,1
JMF Solutions Inc,1
Jackson Technical,1
Jaguar Network SAS,1
James Byaruhanga,1
J5 LLC,1
JB2 Partners / Oxfoot Oakley LLC,1
Energy Transfer,1
Jarvis Media Group,1
Jasco Electronics Holdings,1
Jay.net A/S,1
JeannComputech Corporation,1
Jet.AI,1
Jet.AI Inc.,1
Jigowatt,1
JMA Ventures,1
Kuwait National Guard,1
LAN Services AG,1
LANDING 888 LLC,1
LBA Realty,1
LBT Investment Group LLC,1
Knowledge IT,1
Kolos Norway,1
Kooba,1
Kanobe,1
KDC Real Estate Development,1
KDweb,1
KEYANA IT Co. Ltd.,1
K&D Real Estate Services,1
KAO Data,1
KAVEH VENTURES LLC,1
"KBS Capital Markets Group, LLC",1
Keane Enterprises,1
Kedia Infotech Limited,1
Kentucky Industrial Alliance LLC,1
KPNQwest Italia SpA,1
KT,1
Kairos Power,1
Kanbar Properties,1
Kanbar Properties KPM,1
Ercor Triboro LLC (Sansone Group),1
Erdem Murat Ünal,1
JEMB Realty Inc.,1
JERA Nex,1
JHJC Kort,1
Karis,1
Karis Acquisitions,1
Karis Critical (H.E. Holdings LLC),1
Enertel,1
Engineering,1
Enguard,1
Energy Concepts,1
Energy Northwest,1
KeySpan Communications,1
Kheops Organisation,1
LVRTC,1
Epiq Systems,1
Epsilon,1
Epsilon Telecommunications,1
Enter SRL,1
Entergy New Orleans,1
Enterhost,1
Enterprise Cloud Computing Center EC3,1
Entra Eiendom AS,1
Kentucky Utilities Company,1
KevlinX,1
Electricity North West,1
Electronic Business Services (eBS),1
Entreprise Data,1
"Epic Hosting, LLC (Epic Systems)",1
Epic Ltd,1
Epic.io,1
Krambu,1
Kulacom,1
Kielnet,1
Kiemle & Hagood,1
Kindle Energy (Lincoln Land Energy Center LLC),1
King Faisal University,1
Kinross Gold Corporation,1
Knight Capital Group,1
Enbridge Inc.,1
Enel Green Power,1
Enemalta,1
Enerfore Digital,1
Elysian Partners,1
Emango Datacenter,1
Emerald Lakes Estates (Doug Fuller),1
Emerging Markets Communications (EMC),1
LN Compute,1
LCP NV,1
LDI PROPCO 2 LLC,1
Ecologic Datacenters,1
EconDC,1
Econocom,1
EdcNet,1
EnablesIT,1
LPI Group,1
LV.net,1
LHR GAINESVILLE LLC,1
LIA,1
"LID, LLC (with IWG Thornburg, LLC and JR Bluestar Thornburg, LLC)",1
LIM,1
LIM DC,1
"LM Funding America, Inc. (Power & Compute)",1
La Rosa Holdings Corp.,1
LabGroup,1
Lakeland Equity Group,1
Landshark Energy Generation Facility LLC,1
LN Compute Inc.,1
LN Energy,1
LOHRASP VENTURES LLC,1
LOUDOUN GC LLC,1
Lebanese For Advanced Information LFAIT,1
Lee Road Property LLC,1
LatinCloud,1
Lavue Lane Owner LLC,1
Layer 9 Data Center,1
Linkdata.com,1
Lintasarta,1
Linx Datacenter,1
Libya Telecom and Technology,1
Libyan Spider,1
Lefdal Mine Datacenter,1
Legacy Power Capital,1
Lenoir City Utilities Board,1
"Leola Data Center, LLC",1
Lerner Enterprises / The Tower Companies (Brightseat Associates LLC),1
"Layered Technologies, Inc.",1
Eight Form (property owner Welcome Group Inc.),1
LEW TelNet,1
LG Telecom,1
LG Uplus,1
Let's Host,1
Leuk Teleport and Data Centre,1
Lex Developments,1
"Liberty Energy, Imperial Land Corporation and Range Resources - Appalachia (joint venture)",1
Emtel,1
Elisa Oy,1
Elite Limited,1
Elk River Capital LLC (Swervo Development Corp affiliate),1
Ellis Partners,1
EgyProHost,1
Egypt for Information Dissemination (EDID),1
EgyptNetwork,1
EdgeBCC,1
EdgeConneX (PowerConneX),1
EdgeConneX (applicant East Village Dothan LLC),1
"EdgeConneX (campus investment and operations with TA Realty; land owned by Microsoft, site development by Burr Computer Environments)",1
EdgeConneX Inc.,1
EchoStar,1
Eco TIP West LLC,1
Eco-Yotta Inc.,1
ENNE Solutions,1
ENON RD LLC,1
Edged (an Endeavour company),1
Edged Energy (Endeavour),1
Eesti Meedia,1
EdgeIT,1
"EdgeUno, Inc.",1
Edged (Endeavour Energy),1
"LightSpeed Hosting, LLC",1
LightSpeed Technologies,1
LightStorm Communications s.r.o.,1
LightWave Networks,1
"LightWave Networks, Inc",1
Lightfield Energy,1
Life Web Hosting,1
ENI,1
Linz AG Telekom,1
Liquid Telecommunications Holdings Limited,1
LiquidCool Data Center,1
Lincoln Electric System,1
Link Data Center,1
Link Logistics,1
Linkbynet,1
LightSpeed Hosting,1
Logistic Land Investments LLC,1
MDENP,1
MEASAT Broadcast Network Systems,1
MECP1 ASHBURN 1 LLC,1
MECP2 ASHBURN 2 LLC,1
MECP3 ASHBURN 3 LLC,1
MEO,1
MCF Group Estonia,1
Long Island Interconnect,1
"Long Island Interconnect, LLC (formerly 1025Connect)",1
Long Port Group,1
LiquidCool Solutions / Green 4 Maine,1
LiteWire Data,1
Litewire,1
Logicalis Group,1
"Login, Inc.",1
Lotus Wireless,1
Louhi Networks Oy,1
Louisville Gas and Electric Company,1
Lounea,1
Lowe's,1
Logix Reality LLC,1
Logosnet Services LTD,1
Long Beach Data Center,1
LightEdge (GI Partners),1
LightHouse Data Centers,1
LightHouse Data Centers (The Lightstone Group),1
"Lumon Solutions Marshfield, LLC",1
Luna.nl,1
Long Ridge Energy LLC,1
Looking Glass Networks,1
Loop Internet,1
ESB (Electricity Supply Board),1
ESID DE BORDEAUX,1
ETB S.A. ESP,1
ETC DC OpCo LLC,1
ETICE,1
EVO,1
EDP Renewables,1
ELECTRIC BUILDING LLC,1
Ebon International,1
Echelon Data Center,1
Eagle Mountain Data Inc,1
Eagle South,1
Earthnet,1
East Africa Data Centre (EADC),1
East Kentucky Network,1
EO Data Center,1
MAXNOD,1
MCA Technology Solutions (Mike Collins & Associates),1
Dominion Energy South Carolina and Santee Cooper,1
Donato Solar,1
Donovan Drive Holdings LLC,1
"East Kentucky Network, LLC",1
East Village Dothan,1
EasyStreet Online,1
MCFMAX,1
MCI COMMUNICATION SERVICES LLC VERIZON GLOBAL REAL ESTATE,1
MCNI,1
MCP 22745 & 22755 RELOCATION DRIVE LLC,1
MD Squared Power LLC,1
MANASSAS NCP LLC,1
MANASSAS TECHNOLOGY PARTNERS LLC (Amazon),1
MANUCHEHR VENTURES LLC,1
Dutch-Bangla Bank,1
Dynascale,1
"Dynascale, Inc.",1
Dorabase,1
DotBlock DataCenter,1
"Downtown Properties Holdings, LLC",1
Dubai Silicon Oasis Authority,1
Duke Energy Progress,1
MGHPCC consortium (BU/Harvard/MIT/Northeastern/UMass/Yale),1
MIDCON Inc.,1
MIDCON Recovery Solutions,1
EBM Telecom AG,1
ECL,1
ECONOMIC DEV AUTH CO OF CHFLD,1
EDF Renewables,1
EDGNEX,1
MTF Swiss Cloud,1
MTN LLC,1
MK Datavault,1
MMM Acquisitions LLC (developer; end user undisclosed),1
MMTS-9 (Moscow Long Distance Telephone Station number 9),1
MN8 Energy,1
MNSi Telecom,1
METEO FRANCE,1
M1 Ltd,1
MTV,1
MTW.ru,1
MULTICOMS FACILITIES MANAGEMENT,1
MadeIt,1
Magna5,1
"MS Solar 2, LLC",1
MS Solar Grid Data,1
Main Place Mall,1
Mainova,1
Melbourne Data Centre,1
Melbourne Network Solutions,1
Mele Brothers Realty,1
MenkiSys Networks,1
Menlo Digital (Menlo Equities),1
Menlo Equities,1
Mark IV Capital,1
"Mainstream Technologies, Inc.",1
Mango Bay Internet,1
Manse Technology Campus LLC,1
Maguire Hayden,1
Mahanagar Telephone Nigam Limited (MTNL),1
Mahesh Patel,1
Main Place Liberty Group,1
Marlin eSolutions,1
Maroc Datacenter,1
Mars Data Center,1
"Martin Avenue Properties, LLC",1
Mascom,1
Mapletree Logistics Trust (MLT),1
Mariaplaats C.V.,1
Marias Technology,1
Djibouti Data Center (DDC),1
Dnsnetworks corporation,1
Dominion Energy,1
MINISTERE DE L'AGRICULTURE ET DE LA PECHE,1
MINNIEVILLE CAPITAL ACQUISITION,1
MIVITEC GmbH,1
MJV ASSOCIATES LLC,1
Markoja d.o.o.,1
"Digital West Networks, Inc.",1
Digitial Cloud Vault,1
Digital Edge,1
Dial Telecom,1
Digi Power X,1
DigiLink,1
Matrix Internet,1
Matrix Telecommunications Corporation,1
Directorate General of Taxes,1
Disney,1
Divemotor,1
Diversified Gas and Oil Corporation / Maverick Holdings (with the Appalachian Industrial Development Authority),1
Diversified Production LLC,1
Digital Residence BV,1
Digital Sense Pty Ltd,1
Digital West Networks,1
Media Sat,1
Mediatec Solutions,1
Massive Networks,1
Match-IT.NET C.V.,1
Decsis,1
Dedicated Servers,1
Dedicated Solutions,1
Direction Régionale des Douanes et Droits Indirects,1
Menlo Equities (Holger Technology Partners LLC),1
Medyabim Internet Hizmetleri,1
MegaGate Broadband,1
MegaHostZone,1
Mawson Infrastructure Group,1
Medallion Communications,1
Medasys,1
Media Datacentre,1
Montana Property Group LLC,1
Montana Property Group LLC (developer; end user undisclosed),1
MontanaSky Networks,1
"Moonshot Solar, LLC",1
Miran Data Center,1
Mirelda Properties Limited,1
Mississippi State University (High Performance Computing Collaboratory),1
"Mitsubishi Estate, NOVA 1 OWNER LLC",1
Merkle Standard,1
Merkle Standard (Allrise Capital),1
Mesh Capital LLC,1
"MetLife Services and Solutions, LLC",1
Monarch Aircraft Engineering Ltd.,1
Monarch Cloud Campus LLC,1
Monarch Energy,1
Monongahela Power Company (FirstEnergy),1
MicroHosting,1
Meta Platforms,1
Metered Mining,1
Metro Datacenter,1
Metro Edge,1
Metro Edge Development Partners,1
Menlo Equities / Menlo Digital (Sunnyvale Technology Partners LLC),1
Merit Group a.s.,1
Mauritius Network Services (MNS),1
Mauritius Telecom,1
Micron21,1
Microsoft Corporation,1
"Microtronix ESolutions, LLC",1
Metro Optic,1
Metronet,1
Miami Data Vault,1
Deltalis SA,1
Deltona Corporation,1
Dedispec,1
Deep Atomic,1
"Deep Lake Energy Center, LLC",1
Deep River Data,1
DeepGreen Cook Inlet SPV LLC,1
Defense Datacenter,1
Detasad,1
Deutsche Telekom,1
Deutsche Welle,1
Dexus Property Group,1
Delaware Land LLC,1
Delimiter Corp,1
Delska (DEAC European Data Center Operator),1
Delta Telecom,1
Midwest Capital Group (MidAmerican Energy),1
Midwest Energy & Communications,1
Midwest Power Investors LLC (LFF Industrial),1
Datacenter Noord Holland,1
Datacenter.com,1
Densitas AG,1
Deriva Energy,1
"Dermody Properties (DPIF4 KY 6 KRAMERS, LLC)",1
Mobius Partners,1
Monaco Telecom,1
MindSHIFT,1
Ministry of Communications and Information Technology,1
Ministry of National Guard,1
Ministry of Transportation and Communications,1
Ministry of Women and Vulnerable Populations,1
Middletown Data Center LLC,1
Moreland Holding LLC,1
Moresi.Com SA,1
Moro Hub,1
Morpho,1
Mosaic Data Services,1
Mountain State Clean Energy (Mountain State Energy Holdings; acquisition by AEP pending),1
Mountain State Energy Holdings LLC (acquisition by AEP pending),1
Mountain State Renewables (Mountain State Energy Holdings; acquisition by AEP pending),1
N2N Connect,1
NAPWACI,1
NASA Integrated Services Network,1
Mudiita Land Venture LLC,1
Muller & Associates,1
"Multi-tenant carrier hotel (Digital Realty, CoreSite, and other carrier/telecom tenants)",1
"Multi-tenant carrier hotel (Hudson Interxchange, Digital Realty, DataBank, Equinix, and 100+ telecom tenants)",1
"Multi-tenant carrier hotel — NYI / JEMB Realty 'Broad Street Connect'; tenants include HorizonIQ (Internap NYMEXT1), Evocative, Epsilon and Verizon",1
NASPlex,1
NBrIX,1
NCS Datacom,1
NDC Host,1
NDIX bv,1
Multipolar Technology,1
Murray Industries,1
N Plus Networks,1
Degas LLC,1
Davidson Kempner Capital Management,1
Deca Companies,1
MigSolv,1
Mihta Askiy Datacenter LP,1
Milan Internet eXchange (MIX-IT),1
Millennium Systems,1
NASA space agency,1
Dataprana,1
Datatech,1
Datavag,1
Datacomm Diangraha,1
Datacube,1
Datagrex,1
Datagroup,1
Datahall Data Center,1
NETHINKS GmbH,1
DataCenter Itech,1
DataCenter.BZ,1
Daticum,1
Datotel,1
Datum Datacentres Ltd,1
Davey Holdings LLC,1
Datapark Nederland,1
"NOVA Corporation (Diné Development Corporation, Navajo Nation); operated by Innava Data Solutions",1
"NFSi Telecom, Lda.",1
NFrance,1
NGN Bilgi ve Iletisim Hizmetleri,1
NIKHEF,1
NIPSCO Generation LLC (GenCo),1
NISS Fibernet,1
NES Data,1
NOVA MANGO FARMS LLC,1
NP AUSTIN RIDGE LLC,1
"NRD Retail, LLC",1
NSIA Technologies,1
NIX CNI Data Center,1
NJFX,1
NJFX LLC,1
NM Net ApS,1
Datacampus,1
"Datacate, Inc",1
Datacenter,1
Datacenter 101,1
Datacenter Brabant,1
DataVolt,1
DataHive,1
DataOne,1
NXO OI,1
NYDIG / Global Connect Communications,1
NTS Workspace,1
NTT DATA,1
Data Center NYC,1
Data Centers Canada,1
Databarn Rivium B.V,1
Databridge Sites,1
National Information Technologies Joint Stock Company (NIT JSC),1
National Institute of Information and Communication Technologies (INTIC),1
Naitel,1
Nakana ApS,1
Naquadria,1
Natelli Investments,1
National Acquisition Company,1
NVIDIA,1
Datahata,1
Datacenter Groningen,1
Datacenter Nedzone,1
NEXLINX,1
National Bank of Kuwait (NBK),1
National Commercial Bank,1
National Energy Technology Laboratory,1
National Energy Technology Laboratory (U.S. Department of Energy),1
Data102,1
"Data393 Holdings, LLC",1
Data Felix,1
Data Inn,1
Data Centre Limited (DataCentre220),1
Data Centre Ventures,1
Data Communication Ltd,1
Data Exchange Europe BV,1
National Post and Telecom Agency,1
DLI ONE LLC,1
DLX AS,1
DMG Blockchain Solutions,1
Data Stream,1
Data Techno Park sp. z o.o.,1
Data Utama Net,1
Data Valley Enterprises,1
Nebula,1
Nebula Oy,1
Nedcomp,1
NavLink,1
Navajo Tribal Utility Authority,1
Navegalo,1
National Laboratory of Civil Engineering (LNEC),1
National Oceanic and Atmospheric Administration,1
DataOne (Bloom Energy fuel cells),1
DataRush IT,1
DataCell,1
Neoclyde,1
Neolo.com,1
Nessus,1
Nestlé,1
Nestory Park Capital,1
NetDataVault,1
NetEx Inc.,1
NetOne IT,1
NetRiver,1
NetSource,1
NewTelco GmbH,1
Newfold Digital,1
Newrays Two LLC,1
Netscalibur,1
NetStandard,1
Netcetera Limited,1
Netcologne Gesellschaft fur telekommunikation mbh,1
NetcroHosting,1
Netdoor,1
NetApp,1
NetCologne GmbH,1
Nettalk .Com Inc.,1
Nettogo,1
Netwise,1
Netinternet,1
Netnik,1
Netpozitif Telekomünikasyon Hizmetleri,1
"Netrality Properties (JV with Jamestown, LP); H5 Data Centers operates colocation space in the building",1
Netriplex,1
Data Facilities Data Centers,1
"Data Ark Systems, LLC.",1
Data Cave,1
"NationalNet, Inc.",1
Nationwide,1
Netsolus,1
Netsonic (Dynamic Ventures LLC),1
Netspace Services Limited,1
DRS,1
DTS Service GmbH,1
DTS-Net,1
DULLES NCP II LLC,1
"DMINT, Inc. (The OLB Group)",1
DNA OYJ,1
DNS:NET,1
DP FACILITIES INC SOUTH LLC,1
NeuStyle Software & Systems Corporation,1
DC 8 9 10 DE LLC,1
DULLES NCP LLC,1
Dacentec,1
Daisy Group Plc.,1
DanDomain,1
Danko Holdings II,1
DarkHorse Technologies Inc. (formerly Sphere 3D Corp.; site from Cathedra Bitcoin),1
Neutral Data Centers Corp.,1
New England Data Services,1
New Era Energy,1
"New Era Energy & Digital, Inc.",1
New Era Technology,1
New Fortress Energy,1
Network Communications,1
Network-I,1
Nexeon,1
New Jersey Fiber Exchange (NJFX),1
"New Wave Industries, Inc.",1
New York Stock Exchange,1
NewBridge,1
NewColo,1
NewRays One LLC,1
NewTelco,1
Nexion,1
Nexstar Media Group,1
Next Connex Ltd,1
Next Generation Data,1
Northrop Grumman,1
Norwegian Broadcasting Corporation (NRK),1
Nova Energy LLC,1
Novartis,1
NiNet doo,1
Nian A / S,1
NikHef Housing,1
"NextEra Energy Resources (Greer Solar, LLC)",1
NextEra Energy Resources (Wildwood Solar LLC),1
NextNRG,1
NextiraOne Poland,1
Nextra by Airtel,1
Niobrara NatGas,1
Nissan,1
Nitel Tech.Engineering Co.,1
Nixdoft Data Center (NDC),1
Nocix LLC,1
Nexus Data Center,1
Nexus Group,1
"Ngoya ETIX DC (Ghana) Limited ( trading as "" ONIX"")",1
DQE Communications,1
DIGITAL LOUDOUN IV LLC,1
DIGITAL STERLING PREMIER LLC,1
DIGTB,1
DISCOVERY SQUARE LLC,1
Neucentrix,1
Neutral Data Center Sp. z o.o.,1
"Nine Mile Data, LLC",1
DC Devco LLC,1
DC IT ROOM,1
DC Mining,1
DC Vault,1
DCA | PIER,1
DBT DATA - Cyber Integration Center,1
DC 11 DE LLC (Amazon),1
DC 12 14 DE LLC (Amazon),1
DGN Teknoloji,1
DHData,1
DIGITAL CARVER BRICKYARD LLC,1
DIGITAL LOUDOUN II LLC,1
DCIP Group (DeSoto County Industrial Park),1
DCT DULLES DOWNS LLC,1
DCX,1
DCforData,1
North Coweta Investors,1
North Port Holdings 300 LLC (end operator undisclosed),1
NorthC Deutschland GmbH,1
Nordata,1
Cybertechtonic Pratama,1
Cyberverse,1
DEPG Mosier Associates LP / DEPG of Shawnee II LP,1
DESRI (D. E. Shaw Renewable Investments) / Tierra Adentro Growth Capital (TAGC),1
Novatel,1
Novex Colocation,1
NorthPoint Development (NP Hazleton Holdings 1 LLC),1
Northam Reality,1
Northeast Oklahoma Electric Cooperative,1
Northern Data Group,1
North Country Collocation Services (NCCS),1
North Country Colocation Services,1
DB Data Center Vint Hill LLC,1
DB Stu LLC,1
D-ALiX,1
D-Alix Data Center,1
D-Hosting GmbH,1
D. E. Shaw Renewable Investments,1
D.R. Horton,1
DAMAMAX,1
Nscale,1
Crosland Southeast,1
Crossconnectsolutions,1
DASSAULT,1
DATA ZYX SRL,1
DATA3 Corporation,1
DATAONE,1
DATAWIRE AG,1
OCSL Managed Services,1
OMID Solutions,1
Nugi Technologies,1
NumeriParc,1
Nusadatacenter,1
Nusantara Data Center,1
Nusantara Data Center (NDC),1
"Novva SLC Common, LLC (Novva Data Centers)",1
Nordiska Servercentralen AB,1
OMNIconnect,1
ONE Nuclear Energy,1
ONEPARTNER LLC,1
OSO Technologies,1
O'Leary Digital,1
"OCOSA Communication, LLC",1
OCOSA Communications,1
Oak Ridge National Laboratory (UT-Battelle for the U.S. Department of Energy),1
Odessa Partners,1
Oi (Telemar Norte Leste S.A.),1
Oklahoma AI Ventures LLC (Jericho Energy Ventures / Comstock Holding Companies JV),1
Optimum Data Centres,1
Options Technology,1
Optiquest,1
Optu,1
"One Data Center America, LLC",1
OneColo,1
Oklo,1
Old Mutual,1
Oman Data Park,1
Oman Telecommunication Company,1
Omnilogic,1
Omnis Pleasants LLC,1
NuVu Real Estate,1
"OnePartner, LLC.",1
Onet,1
Onix Data Centres,1
Ontario Datacenter,1
Onward Energy,1
On-Ramp Indiana,1
OnFire Datacenter,1
DARZ,1
Cypress Creek Renewables,1
Cyquator Technologies,1
CyrusOne (joint venture with North Coweta Investors),1
CyberTrails,1
Cybercon,1
Cyberfuel,1
Cybernet,1
Crusoe Energy Systems,1
Crypto Colo Center Corp,1
Crypto Knight Hosting,1
CryptoMine,1
Creative Network Innovations (CNI),1
Creekstone Energy,1
Criteo,1
Critical Colocation,1
CyberBunker,1
"CyberLynk Network, Inc.",1
"Cubico USA, LLC",1
Culpeper Acquisitions LLC,1
Curtis Hall Limited,1
Cushman & Wakefield,1
Custodian Data Centre,1
Crow Holdings (developed and leased by CleanArc Data Centers),1
OpenAI / SoftBank / Oracle,1
OpenColo,1
OpenMetal.io,1
Opdenergy,1
Copper Ridge Culpeper LLC,1
Cyber Cast International,1
Cyber Data Center International,1
Cyber Wurx LLC,1
Oppidan (with Rockpoint Group),1
Oppidan Investment Company (Clop Aiken SC LLC),1
Opti9 Technology,1
OpenAI,1
OpenAI / Oracle / Crusoe,1
OpenAI / Oracle / Related Digital,1
OpenAI / Oracle / STACK Infrastructure,1
OpenAI / SoftBank (SB Energy),1
"Origis Energy USA, Inc",1
Ormat Technologies,1
PT Julia Multimedia Nusantara,1
PT Lingkar Sentral Data,1
PT Padi Internet (PadiTech),1
PT Usaha Adi Sanggoro,1
PROLOGIS-EXCHANGE 43461 OLD OX ROAD LLC,1
PROPCO LLC,1
"Oso Grande Technologies,",1
Ostankino Television Tower,1
Otsuka Warehouse Co,1
OuiHeberg,1
Outrigger Industrial,1
OrbitCom,1
"OrbitCom, Inc.",1
Orchard Partners,1
PERSIS TELECOM,1
PGNet Provedor,1
Oxford Networks,1
Oy Capnova,1
Oz Servers,1
PA Data Center Partners,1
"PARKSTONE TECH PARK, LLC",1
PARSONS BUSINESS PARK LLC,1
Open Caribbean Internet eXchange (OCIX),1
Open Hub Med,1
PBA Holdings (end tenant undisclosed),1
PCC-DeKalb LLC,1
PCCW Global,1
PCH WI Holdings LLC,1
PCI,1
PDCREF 2 CHANTILLY LLC,1
Cornell Realty Management,1
Corporate Office Properties Trust,1
Cordelio Power,1
Core NAP,1
Core Services Corp,1
Core42 - G42 Company,1
CoreIT,1
ControlCircle,1
Corscale Data Centers (Patrinely / USAA Real Estate),1
County Government of Uasin Gishu,1
"Cox Communications, Inc.",1
Creanova Datacenter,1
CoreSpace,1
CoreXchange,1
Coreix Limited,1
Cork Internet exchange CIX,1
PORPOISE VENTURES LLC (Digital Realty Trust),1
PORT KC,1
POWERLOFT @ INNOVATION I,1
PRISM Technologies,1
PIN (Premium IT Infrastucture),1
PIO-NET,1
Compugen Inc.,1
Computel,1
PRP Real Estate Investment,1
PSE - Poludnie,1
PSN Networks,1
PT Andalas Media Informatika,1
PT Cybertechtonic Pratama,1
PNK Group,1
POP-BA,1
POP-MG,1
PT. Rak Super Ninja,1
PTCL,1
PTT Metro,1
PTT Moebius,1
Pacific Office Auromation,1
Pi Datacentres Private Limited,1
Pinewood,1
Pioneer Development LLC,1
Patrick Solutions,1
Padi Internet (PadiNET),1
Panamaserver.com,1
Paragon Internet Group,1
Paratus Africa,1
Parkway Gravel Inc.,1
Parsec Data Management,1
PT. Dwi Tunggal Putra - GSD Division,1
Paul Bunyan Communications,1
Pavlov Media,1
Peace Communications (formerly Nexus Group),1
Parthenon Data Centres,1
Partimus,1
Pasila Broadcasting Tower,1
Patmos Hosting,1
"Patmos Hosting, Inc.",1
Controlled Thermal Resources (American Data Power),1
Converge Technology Solutions,1
PIXEL FACTORY DEVELOPMENT LLC,1
PLIX Sp. z o.o.,1
PLTPRO,1
PLTPRO Data Center Sdn Bhd,1
Patronus Data Centers,1
Pattern Energy,1
Computel Standby BV,1
Computer Solutions Ltd.,1
Concepts ICT Holding B.V.,1
Connected sp. z o.o.,1
Connectria,1
Comcast Cable,1
Communication Square,1
Pennsylvania Glacial Till LLC,1
Continental Automotive,1
Continental Realty,1
ContinuityMauritius Co. Ltd.,1
Continuum Datacenters,1
"Contour / TerraWatt (with Steadfast City, THO Investments, ARCO, Lewis Rice)",1
Constant Hosting,1
"Construction Partners, Inc.",1
Contell,1
Peron Development / J.G. Petrucci,1
Perth IX,1
Petawatt Holdings,1
"Pearl River Solar Park, LLC",1
PenDC Data Center Solutions,1
Penn Hurst Holdings,1
Colobale,1
Colobâle AG,1
Pittock Internet Exchange,1
Pixel Factory Data Center,1
Petroleum Development Oman (PDO),1
Philadelphia Technology Park,1
Phoenix Internet,1
Phoenix Investments,1
Phoenix NAP,1
Peregrin,1
"Cologix, Inc.",1
Cologne Broadcasting Center,1
Colombia Colocation,1
Colostore.com,1
"Colovore, LLC",1
Colocation.bg,1
Colocity Pty Ltd,1
"ColoSpace, Inc.",1
Coaxis,1
Codisa,1
CogNovum,1
Coloware,1
Colozueri,1
Colozug.ch,1
Comarch,1
Coloco,1
Playnet Srl,1
Plaza Realty Management Inc,1
Plug and Play Tech Center,1
Plus Power,1
PlusOne Atlanta,1
PocketInet,1
Pixelpark AG,1
"Plainsmen Holdings, LLC",1
Penzance,1
"Polaris Technologies, Inc.",1
Pomorskie Centrum Przetwarzania Danych Sp. z o.o.,1
Point of Presence of the National Research and Education in the State of Paraná (POP-PR),1
PointOne Holdings Inc.,1
"PointVoIP, LLC",1
Polaris Realty,1
Planetel S.p.A.,1
Poulina Group Holding,1
Power Company of Wyoming,1
Clear Channel,1
Clear Rate Communications,1
"ClearBearing, Inc.",1
ColoCenter bv,1
"ColoCenters, Inc.",1
ColoGuard,1
PowerNetix,1
PowerSouth Energy Cooperative,1
PowerXS,1
Powernet,1
PraCon Global Investment Group,1
"Premier Data Center Development, LLC",1
"Potentia, Inc.",1
Potomac Development Group,1
Printers Square,1
Priora Gruppe,1
President of the Republic of Peru,1
Primacom Interbuana,1
Prime Data Centers (1231 Comstock Property LLC),1
Prime Storage (Prime Group Holdings) — end user undisclosed,1
PrimeBlock,1
PowerHouse Data Centers / Poe Companies,1
ColoUnlimited,1
ColoXchange,1
Plan C Crypto,1
Planet Access Networks,1
Planet Networks,1
Primus Canada,1
Primus Telecommunications (Australia) Pty Ltd,1
Prince Edward County Industrial Development Authority,1
ProServe,1
Procempa,1
Profisol Telecom,1
Progressix,1
Quad State Internet LLC,1
QuadraNet.com,1
Qualigen,1
Qualitynet,1
Prosoluce,1
Prospect RD LLC,1
Provident Realty Advisors,1
Prominent Property Group,1
Pronexon,1
Pronghorn Development LLC,1
Pronghorn Development LLP,1
Pronto Net,1
CoLouisiana,1
Coal India Limited,1
"Power PRotection Products, Inc.",1
Power Shift,1
Provision Data Systems Inc.,1
Pt HERZA,1
Public Pension Agency,1
Prored Comunicaciones,1
ColoHub LLC,1
ColoInSeattle.com,1
Colo Solutions,1
"Colo Solutions, LLC",1
ColoBâle AG,1
ColoCSX (CSX Transportation),1
Cohere Communications,1
"Colo Facilities Atlanta, LLC",1
CloudCenters,1
ClearData,1
Clearstream,1
Clearstream Technology Group Ltd,1
Clearview International,1
Cleco Power,1
Clinch,1
Cloud Carrier,1
CloudSouth,1
Cloudata,1
"Cloverleaf Infrastructure (applicant Piedmont DevCo LLC), with Pumpkin Center Properties / the Prather Company",1
Cloud Centers,1
Cloud South,1
Cloud4C,1
CloudBalkan,1
CloudBurst,1
QLEVR LLC,1
QScale,1
"Puente Hills Land Venture, LLC",1
Pugmarks,1
Pulse DC,1
Cincinnatti Bell,1
Cineca,1
Cipher Digital (formerly Cipher Mining),1
Qualysite Technologies Inc.,1
QTS / Compass Datacenters,1
QTS Data Centers / Lancium,1
QUILL EQUITY LLC,1
Qatar National Bank (QNB),1
QiComm,1
Purple IO,1
PwC,1
Quartz Mountain Properties LLC,1
Quasar Data Center,1
Quest,1
Quest Technologies,1
Quetta,1
Quicken Loans,1
"Racksquared Data Centers, LLC",1
"Radiokomunikace, a.s.",1
Quiet Data Centers Halifax Inc.,1
Quinby Building,1
Qumak,1
Qumulus AI,1
QumulusAI,1
"QumulusAI, Inc.",1
Quonix,1
Quantum Park LLC,1
RREEF,1
Quonix Networks Inc.,1
"R&L Capital, Inc.",1
RACK59 Data Center,1
RAX,1
RCK Digital Crossroads LLC,1
"RCM Hill, LLC",1
Quickline Business,1
Cloud Center Andalucía,1
Clayco,1
Puncak Semangat,1
"RCN Telecom Services, LLC",1
RDC-1807 MICHAEL FARADAY COURT LLC,1
RDK REVENUE,1
REDtone,1
REN - Redes Energéticas Nacionais,1
Cirrus Data Services,1
Cisco Systems,1
Chuck Khun,1
Chunghwa Telecom,1
"Cielo Digital Infrastructure, LLC",1
RTKOMM,1
RUE Beltelecom (Republican Unitary Telecommunications Enterprise Beltelecom),1
RWE,1
Century CEM-DC01,1
Cizgi Telekom,1
Clarkson University,1
City Network Hosting AB,1
City of Ingolstadt,1
City of Westerville - WeConnect,1
CityFibre Networks,1
Cires Telecom,1
Rack Digital,1
Rack Lodge,1
Rack.BG,1
RSAWEB,1
RSC Investment Management,1
RT Software Hosting,1
"RT Software Systems, Inc.",1
Century,1
Radore Hosting,1
Raeden (with Cal Realty / Ferragon Corp.),1
RackBank Datacenters Pvt. Ltd,1
Rackbank,1
Rackdog,1
"RWE Clean Energy (Maryland Blue Crab Solar & Storage, LLC)",1
RX- name,1
Rabobank,1
Raxio,1
Riyad Bank,1
Riyadh Municipality,1
Rochester Colo (James Salviski),1
"Rochester Colo, LLC",1
Rockan Data Center AB,1
Rockbridge Area Network Authority,1
Rockford,1
Real Effects,1
Real Estate Pursuits 2 LC,1
Raha,1
Rainbow Energy,1
Ranalli,1
Ranalli Super DC LLC,1
Randee LLC,1
Ranger Power,1
Red Post Energy Group,1
Red Sea Group,1
Red Wolf DCD Properties LLC,1
Ray Harner (landowner-developer),1
Raya Data Center,1
Razor Servers,1
Ready Tecnologia da Informação Ltda,1
Real Comm,1
Redestel Data Center,1
Redivider Blockchain (joint venture with Esperanza Opportunity Fund),1
Redwire,1
Regence BlueCross BlueShield,1
Rehwork GmbH,1
Recurrent Energy,1
Red Ace Capital Management,1
"Red Ace, Keyser Family",1
Cetin,1
Cgest,1
Ch-net S.R.L.,1
Chapal,1
Central Iowa Power Cooperative (CIPCO),1
Centre Traitement Informatique Sud,1
"Centre WISP Venture Company, LLC",1
Rellis Campus Data and Research Center,1
Chip Electronic Services Ltd,1
Chayora,1
Chestnut River Power and Infrastructure,1
China Mobile International,1
China Mobile International Ltd,1
Cepromat,1
CeraNet,1
Cerebras Systems,1
Reynolds Capital,1
Richard Everton,1
Ricoh Americas Corporation,1
ReliableSite,1
Casablanca INT,1
Cascade Digital Power (Digital Power Optimization),1
"China United Network Communications Group Co.,Ltd (""China Unicom"")",1
ChinaCache International Holdings Ltd.,1
Rocklocker LLC,1
Rigstar Communications Inc.,1
Rising Realty Partners,1
Ritter Communications,1
"River Park Industrial, LLC",1
Riverview Innovation & Technology Campus,1
"Revelation Network Management, Inc.",1
Revitalization Unlimited,1
Cascade Divide Data Centers,1
Caspur,1
Catalunya Neutral Internet eXchange (CATNIX),1
Catalyst Commercial Development,1
Catlett Station II LLC,1
Cavern Technologies,1
Cawley Partners,1
Carrier Core LLC,1
Cafe Informatique,1
California Resources Corporation (Elk Hills Power LLC),1
Centersquare (fka Cyxtera / Evoque; site originally built by Compass Datacenters),1
Centersquare (formerly Cyxtera Technologies / Evoque Data Center Solutions),1
Central Coweta Industrial,1
Cedar Falls Utilities,1
CenterGrid,1
Centeris (The Benaroya Company),1
Ryan Stuart Development,1
Roundhouse Digital Infrastructure,1
Rowan Green Data,1
Rowan Green Data (DBA Rowan Digital Infrastructure),1
Rubicon Data Centers,1
Rubix Data Centers (Submer Group),1
"Rudin Management Company, Inc.",1
Cabo Verde Telecom,1
RelyNet Inc.,1
Rye Development / Copenhagen Infrastructure Partners,1
S3 Company Ltd.,1
Rum Creek DevCo,1
Russo Development,1
Rwanda Development Board,1
Ryan Companies,1
Ryan Companies (end operator TBD),1
SWU TeleNet,1
Saadia Holding LLC,1
Sabah Net Sdn. Bhd.,1
"STANLEY MARTIN HOMES, LLC",1
STEALTH - ISS® Inc,1
"SR Meridian III, LLC",1
"SR Mount Pleasant, LLC",1
SSC Networks Norge AS,1
SDP Acquisitions,1
SAMX Data,1
SAMX Data LLC,1
SAS,1
SC Infrastructure,1
SVTIX,1
SW Hosting,1
SWU Stadtwerke Ulm / Neu-Ulm GmbH,1
SEGRO (Slough Trading Estate),1
SES AMERICOM INC,1
"SH OTC, LLC",1
SICOVAL,1
SCC,1
SCOTT COUNTY INDUSTRIAL DEV.,1
SDC ASHBURN ALPHA I LLC,1
SDIS Service Départemental d'Incendie et de Secours,1
CarrierCom,1
"Carroll-Net, Inc.",1
Roswell Information Park LLC (developer Sustany LLC),1
SIGNAL IDUNA,1
SIGNET,1
SLK GLOBAL SOLUTIONS AMERICA,1
SMH Colocation,1
SOCO Network Solutions,1
Camtel,1
Canadian Colo,1
"CXP CyberXpress, Inc.",1
CYMTV,1
Cablenet Communication Systems,1
SPV Grodzisk,1
SQL Technologies,1
"SR Jasper, LLC",1
Canon IT Solutions,1
Capacity LLC (Vantage Data Centers named as prospective developer),1
Calpine Corporation,1
Calvano Development,1
Cambridge Network Solutions,1
Cambridge University,1
Cambrin LLC,1
Campost,1
CapitalOne,1
Caribbean IXP,1
CaroNet,1
Carrier Connect Systems Ltd.,1
"Cane Creek Solar, LLC",1
Cango Inc. (GreenVolt Technology LLC),1
Canhost,1
Canhost Inc.,1
SSC-ICT,1
SOCO Network Solutions GmbH,1
SOS Limited,1
SPOT IMAGES,1
SPRINGFIELD EAST LC,1
COPT DC 19 LLC,1
COPT DC INNOVATION LLC,1
Capital Internet,1
Sagebrush Infrastructure Partners,1
Scannell Properties LLC,1
Scotia Global,1
Scott Data,1
Scott Greenberg,1
Scott Technology Center,1
Scale Microgrids,1
ScaleUp Technologies,1
Sakura Internet,1
Salesforce.com,1
"Sabre Solar, LLC",1
Safaricom,1
Safe Host SA,1
SafeHouse Datacenter,1
Safehosts,1
Safenames,1
Sandia National Laboratories (U.S. Department of Energy / NNSA),1
"Sandow Lakes Energy Company, LLC",1
Sanef Télécoms,1
"Sahuarita Holdings, LLC",1
Sai InfoSystem India Ltd. (SIS),1
Sailfish Digital Ventures,1
Sailfish Digital Ventures (SDV),1
Sailfish Investors,1
"SR Magnolia, LLC",1
Sangha Systems,1
Sansone Group,1
Sansone Group / Priseda,1
Santander Estates Ltd,1
Sapphire Networks Limited,1
Salt River Project,1
Samsung Electronics,1
COVAGE,1
CPD TITAN,1
CPUS STERLING LP,1
CRA (Ceske Radiokomunikace),1
CREDIT AGRICOLE,1
CRG,1
COMUE,1
COOLHOUSING,1
CTP-I LLC,1
CUHK - Information Technology Services Center,1
CVM,1
CRG (Clayco),1
CRServers.com,1
CS LoxInfo Plc.,1
"CSS Integration & Communication, Inc.",1
COPT STONECROFT LLC,1
CGI,1
CHANTILLY TECHNOLOGY PARTNERS LLC,1
"CHARLIE WINDLE, Luck Stone Corporation",1
CHEOPS TECHNOLOGY,1
CSS MPS Moscow,1
CTBC / Algar Telecom,1
CTC Property LLC (xAI subsidiary),1
CTP-1 LLC,1
Saudi British Bank,1
Saudi Maksab Holdings,1
Saudi Royal Air Force,1
Saveho,1
Saxon Data,1
Saxum Investment Company (end user undisclosed),1
Saskatoon Internet Exchange,1
Satellite Mediaport Services,1
Shabakah Integrated Technology (Shabakah Net),1
Sharon AI + New Era Energy & Digital (joint venture),1
Shatter I.T,1
Shatter IT,1
Shaw Communications Inc.,1
Servers Lodge,1
Services DR de México,1
Servicios y Telecomunicaciones SA (SYT),1
Screamer Telecoms,1
Seattle Colocation,1
Secant,1
SecureData 365,1
Securebit AG,1
Secured Network Services (SNS),1
Security Land and Development,1
Security Land and Development LP,1
ServeisWeb,1
Server Central,1
Server Cloud Canada,1
"Sentinel Data Centers (applicant: WRV Nurseries South Brunswick Owner, LLC)",1
Sentinum (Hyperscale Data),1
Seguro Energy Partners,1
Sejong Telecom,1
Semaphore Corporation,1
Satyam Computer Services,1
Saudi Arabian Monetary Authority,1
Saudi Aramco,1
Saudi Basic Industries Corp. (SABIC),1
Serbia BroadBand,1
ServOnDemand,1
Servecentric,1
"Servecentric Ltd, Dublin Ireland",1
CHU DE TOULOUSE,1
CIRSO,1
CIS NEPHAX,1
CIS VALLEY,1
CISP,1
CERTIA,1
CFI,1
ServerHosh Internet Service,1
COLO-D,1
COM-IN Telekommunikations GmbH,1
COMSATS Internet Services,1
COMSTAR - United TeleSystems Ltd.,1
CIXP,1
CKW,1
CL8 (Cyprus IT Services),1
CMS Internet,1
Server Corps,1
Server Farm OÜ,1
ServerChoice Data Centres (SCDC),1
C1 NORTHERN VIRGINIA - STERLING IX LLC,1
C1 NORTHERN VIRGINIA - STERLING VIII LLC,1
C4L (Connexion4London Ltd),1
CNC,1
CNS Colo,1
Servistar Realties,1
Servizi Internet S.r.l.,1
Sesa,1
Seznam.cz,1
ServerPhase,1
Serverfarm LLC,1
Serverius datacenter DC1,1
Servers Australia,1
Shelbourne,1
Shenandoah Computing,1
Shenandoah Computing LLC,1
Shopvizier,1
Shore.net,1
Shorenstein,1
Sidera Networks,1
Skyonline,1
Sielte,1
Siemens,1
Sierra Data Center,1
"Sierra Morena Tower, LLC",1
Sigma Net,1
Sigmatic Oy,1
Silicon Foundation Energy,1
Sheffield Hallam University,1
"Simply Bits, LLC",1
Silicon System Limited,1
"Silicon Valley Colocation, Inc.",1
Silicon Valley Telecom & Internet Exchange,1
Silver Fox 606 LLC,1
Silver Knight Enterprises Corp / Data Max,1
Silver Telecom,1
Simah,1
ServerHouse Ltd,1
ServerMania Inc,1
Simcentric Solutions Limited,1
Siminn.dk,1
"Simple Helix, LLC",1
SimpleNet,1
Simplex,1
Simply Bits,1
CDE Acquisitions,1
"CDE Acquisitions, LLC",1
CANCOM SE,1
CAPS (Computer Alternative Processing Sites),1
CAPSTAR Commercial Real Estate Service,1
CARI.net,1
CARNES W S INC,1
CARSATT,1
Broadline Networks,1
CDW Corporation,1
CDrom,1
CE Colo,1
CELESTE,1
CERFACS,1
CBN Internet,1
CC Communications,1
Sitco,1
"Site Layer 4, LLC",1
Skae Power Solutions,1
SinalBR,1
Sinar Mas Multi Finance,1
Singapore Open Exchange,1
BroadBand Tower,1
Broadbased Communications Limited,1
Skyway DataCenter GmbH,1
Slate Belt Holdings LLC (Talen Energy / River Pointe Logistics joint venture),1
Sleek Networks,1
Smart City,1
"Smart City Holdings, LLC",1
SkyLink Data Center GmbH,1
SkyLink Data Centers,1
Skygard,1
SmartTec by Z1Power,1
Smartcom telephone llc,1
Smartronix,1
Sparrow Technology Solutions,1
Spectra Access,1
Spectrum,1
Spectrum Softtech Solutions ( P ) Ltd.,1
Speedbone,1
SmarttNet,1
Smith and Hammaker,1
Sofia Connect Ltd,1
Sofia Data Center (SDC),1
Softbank,1
Smart Link Communication (SLC),1
SmartCIC,1
SmartColo,1
Solutions and Infrastructure Services Ltd. SIS,1
"Solutrix, LLC",1
Somerset Development,1
Sohonet Ltd,1
Solcon Internetdiensten B.V.,1
Solihull Metropolitan Borough Council,1
Solis Arx,1
Sollensys,1
"CASHVAD VENTURES LLC, PCL 1A  (CloudHQ)",1
C.C.S. (Leeds) Ltd,1
C1 NORTHERN VIRGINIA - STERLING IV LLC,1
Singapore Science Park (Ascendas Pte Ltd),1
SingleHop,1
Singtel Optus Pty Limited (Optus),1
"Soluna Computing, Inc.",1
SolutionPro,1
Business Connexion (BCX),1
Business Consulting Center Sp. z o.o.,1
Bynet Data Communications,1
Brookfield,1
Brush Mountain Data Center,1
Brussels DataCenter,1
Buckley Bros Holdings LLC,1
Bulk Data Centers AS,1
Bluemile,1
ByteLok IT Solutions Inc.,1
"Bytemark, an iomart company",1
Bytes Technology Group,1
Bytesnet BV,1
Bulk Infrastructure AS,1
Burr Computer Environments,1
Burst.net,1
South Point Phase II LLC,1
South Roxbury Mill LLC / Grindstone VA LLC,1
"South Shore Energy, LLC (ALLETE) and Dairyland Power Cooperative",1
Southeast Property Holdings,1
Sonda IT,1
Soniko,1
Sontius d.o.o.,1
Bluelock,1
Speedcast International Ltd.,1
Southwest Cyberport,1
Sovereign Business Integration,1
Sovereign Gazelle,1
SpaceNet,1
Spalding Investments LLC,1
"Spalding Investments, LLC (developer; end user undisclosed)",1
South Hook Gas,1
SpringNet,1
Springfield Land Corporation,1
Springs Hosting,1
Sprint S.A,1
"St. James Solar, LLC",1
Strateq,1
"Stream Data Centers (site entity: Eagle Myra, LLC)",1
Stream U.S. Data Centers LLC,1
St. Petersburg State University of Industrial Technology and Design,1
Stack Data Network,1
Stadtwerke Feldkirch,1
Stadtwerke Hall in Tirol GmbH,1
Stadtwerke Klagenfurt AG,1
Stadtwerke Wörgl,1
Spicenet,1
Spirit Communications,1
State of Ohio,1
State of Tennessee — Strategic Technology Solutions,1
Stafford Associates,1
Stak Energy,1
Stanbic Bank Uganda,1
Standard Power,1
Stantec Consulting Michigan / Randee LLC,1
Star,1
Bristolville 25 Developer,1
Bristolville 25 Developer LLC / BHGH Properties,1
Sortis,1
Sota Solutions Limited (Sota Connect),1
Sotea,1
Starpoint Digital,1
Starwood Capital Group,1
State Farm,1
Botswana Innovation Hub,1
Bouygues Telecom,1
Boxer Property Management Corporation,1
Boxminer (Hidden Pines LLC),1
Bplus Datacenter,1
BrainServe SA,1
Breaker Street Associates LLC (Catalyst Commercial Development),1
Brennan IT,1
Steel Orca,1
SteelVault,1
Bitera Data Center,1
Brennan Investment Group,1
Brewster Land Company,1
Brian Clifford/DLA PIPER LLP (US),1
Bridge2cloud,1
BrightNight,1
"Sterling American Property, Inc.",1
"Sterling Telecom Office Building, LLC",1
Sternforth Limited,1
Stillwater Development,1
Stone Mountain,1
Stonebridge,1
Stonebridge (via Florida Ecopark LLC; end tenant undisclosed),1
Stealth - ISS Inc.,1
Stronghold Power,1
Stronghold Power Systems,1
Subisu Cablenet (P.) Ltd,1
Stonebridge Associates,1
StoreSpeed,1
StratCap Data Centers,1
Strata Expense (backed by Supermicro + Ravel),1
Strategic Datasphere,1
"Superb Internet, A CherryRoad Company",1
SupraNet AG,1
SupraNet Communications,1
Sudan Data Center,1
Sun Network (Hong Kong) Ltd,1
SunCap Industries,1
SunCap Property Group,1
"Sunflower County Solar Project, LLC",1
Suttons Cloud,1
Suzhou Industry Park (SIP),1
Sveu?ilini ra?unski centar Srce (SRCE),1
Swarm Systems,1
Swift Networks,1
SunnyVision,1
SunnyVision Limited,1
SuperNetwork s.r.o.,1
"Steele Flats Energy Storage, LLC",1
Stellium,1
Swift Systems,1
"Swift Willow Property, LLC",1
Swiss Data Safe AG,1
Swiss Government,1
"SupraNet Communications, Inc.",1
Surge Development LLC,1
Blueprint Projects,1
Bohannon Road Venture,1
Bohler Places LLC,1
Bolsas y Mercados Españoles (BME),1
Boomtown,1
Boras Energi/Nat AB,1
Borealis Data Center,1
Blue Rock I LLC,1
Bloomberg,1
Bloomberg LP,1
Bitzero Blockchain Inc.,1
Biznet IIS,1
BlackBridge Networks,1
BlackRock,1
Bit Digital,1
BitFury,1
Behring Companies,1
Behringer Harvard,1
Blue,1
Blue Chip,1
Blue Fern Development,1
Blue Ladder Development,1
Blue Nap Americas,1
Blackstone Data Services,1
Synergy Broadband,1
Synergy Fiber,1
Synergy South,1
Synterra,1
Syntigo,1
Syringa Networks,1
Swoscom AB,1
Syaala Infra LLC,1
T-Systems Hungary,1
T4 Group,1
T5 Data Centers (asset owned by a Cloud Capital / Arcapita joint venture since January 2026),1
TA Infrastructure,1
TA Realty / EdgeconneX,1
Systemec Data Centers,1
T-Hrvatski Telekom,1
T-REX Acquisition Corp (Peak Digital Solutions LLC),1
TTC Transtelecom,1
TTX,1
TU TELEKOM,1
Tadawul Group,1
Tahiti Nui Telecom,1
TPG Real Estate Partners / Catellus Development Corporation,1
TPnets.com,1
TRG,1
TDS,1
TAC Data Centers (The Ardent Companies),1
TAMARES 7950 OWNER LLC,1
TAS Cloud Services,1
TAS France,1
TAS Sophia,1
"TSR Solutions, Inc.",1
TTC Telekomunikace s.r.o.,1
TEK Systems,1
TEKNET INTERNET VE BILISIM TEKNOLOJILERI,1
TELE Greenland,1
TELUS Communications Company,1
TELVGG,1
TC Atlanta Development,1
TC Blaisdell of Delaware,1
TC Systems SA,1
Synapse Data Center,1
Synapsis,1
TELY Ltda.,1
"TEO LT, AB Group",1
TEX97,1
TFG INDEPENDENCE CENTER I PROPERTY LLC,1
THALES,1
THC Projects,1
Belmond,1
Bentaus,1
Benzy Infotech Pvt Ltd.,1
Beowulf Electricity & Data,1
Bedag Informatik AG,1
TNNet Oy,1
TNS Chile – TechNetSecurity SpA,1
Technology Solutions of SC Inc,1
Big Watt Digital,1
Bigbyte.cc Corp.,1
Bilateral Energy LLC,1
Binary.net,1
Birch,1
Bestline Communications,1
BginUSA,1
Bhumishq Technologies Ltd.,1
TPG Internet,1
TISSEO,1
TKTelekom,1
Baltimore Technology Park,1
Baltneta,1
Banco Mellennium Atlantico,1
Bangladesh Computer Council (BCC),1
"Big Digital Energy, Inc. / 10NetZero, Inc. (50/50 joint venture)",1
TRG Datacenters (Technical Realty Group),1
TSBG Hosting,1
TOHKnet,1
TOTAL PAU,1
TPA Group,1
TPA Group (developer; end tenant undisclosed),1
TPC Data Centers,1
TPC WELLINGTON EAST LC,1
Base,1
Baselayer,1
Basin Electric Power Cooperative / NextEra Energy Resources,1
Batavia DC Corp (Hut 8 Corp subsidiary),1
Batelco (Bahrain Telecommunications Company),1
Battelle Memorial Institute (Pacific Northwest National Laboratory),1
Bank Building Limited Partnership,1
Banque Saudi Fransi,1
"Taiwan Mobile Co., Ltd. (TWM)",1
BCORE COPT DC-21 LLC,1
Bay Area Internet Services (BAIS),1
Bay Pointe,1
Bayou Internet and Communications,1
Beacon Data Centers,1
Beacon Data Centers (via Westline TX Holdings),1
Beacon Data Centers (w/ California Resources Corp),1
Techcréa Solutions,1
Technology Center Perg GmbH,1
Technology Solutions Of SC Inc,1
Tanzania Internet eXchange (TIX),1
Tanzania Telecommunication Corporation,1
TasmaNet Pty Ltd,1
Taurus Investment Holdings (Taurus DC SPE LLC); to be managed by Digital Realty,1
Taylor Mathis / c/o Mike Irby,1
Technology and Innovation Center,1
Teclenet Soluções Tecnológicas,1
Teknet,1
"Tel-NetworksUSA, LLC",1
"TelJet Longhaul, LLC",1
TeDoc Web Management,1
Teamnet Technologies,1
Tech Vault Inc,1
BPL Global,1
BRUSH MOUNTAIN DATA CENTER LLC,1
BSE Software GmbH,1
BTC Digital Ltd.,1
BIT Mining / Viking Data Centers,1
BLUE SLING ACC 10 LLC,1
BLUE SLING ACC 2 LLC,1
BLUE SLING ACC 9 LLC,1
Telecommunications Services of Trinidad and Tobago (TSTT),1
TelNet Worldwide,1
TelNet Worldwide (TelNet),1
TelOne,1
Telbrax,1
Atterix LLC,1
"AttoTek, David Martin",1
BOURZOU VENTURES LLC (CloudHQ),1
Tallgrass Integrated Logistics Solutions,1
Tango,1
Telemedia (PTY) LTD,1
Telesmart,1
Telekenex,1
Telekom Srbija,1
Telecom International Myanmar,1
Telecom Service Bulgaria EOOD (TSBG),1
Bardeen,1
Bardeen Datahotel,1
Barrio Energy,1
Barrio Energy / Barrio Resources LLC (with Vulcan Core),1
BWS Enterprises,1
Baehost (InTerBS SRL),1
Balico,1
Talex S.A.,1
Teliti,1
The Centre de Serveis Científics i Acadèmics de Catalunya (CESCA),1
The Computer Company Inc.,1
"The Data Centers, LLC",1
The Drox Group,1
The Echo Group,1
The Globe Building,1
The Gotham Bus Company Inc.,1
TenHats,1
TenHats (formerly SH Data Technologies),1
TenKey LandCo I LLC,1
Tenaska,1
Tellurian,1
Telnet,1
Telsist Communications,1
Telgo,1
BCG JV Sterling LLC; Phil Tager,1
BCORE COPT DC-15 LLC,1
Telconet,1
TeleSource,1
Tencent Holdings,1
Tennet Telecom,1
TeraSwitch Networks,1
TeraSwitch Networks Inc.,1
BMIT,1
BMS Bristol Myers Squibb,1
BNB Developments,1
BNY Mellon,1
BHE Renewables,1
BHI,1
BIT HOLDINGS FIFTY-FOUR INC,1
BBW Telecom,1
The Williams Companies,1
The Wilson Company,1
The Xinon Carrier Network,1
Thin-nology,1
Thin-nology LLC,1
ThinkOn,1
ThinkTel Communications,1
The Regents of the University of California,1
"ThisWay Global, Inc.",1
Thomas Kalamaris,1
Thomas Properties Group,1
Thor Equities / Form8tion,1
Thornberry LLC,1
"Thornberry, LLC",1
Three Ireland (Hutchison) Limited,1
The Westin Building,1
Tesla,1
Tesla Solar LLC,1
Teton Digital,1
Teracom,1
Teraplex Data Centers LLC,1
Terra Energy Center Corp. (Flatlands Energy),1
Terra Hosting,1
"Terra Nexus Land Fund I, LLC",1
The Heights Real Estate Company,1
Texas Critical Data Centers,1
"Thad Hill Energy Center, LLC (Calpine)",1
The 130 Building,1
The Benchmark Group,1
The Capris Group,1
TerraPower,1
TerraTel AB,1
Aureon,1
Aureon Networks,1
Aurora,1
Australian Stock Exchange (ASX),1
Australian data centre,1
Atomic Data LLC,1
The Long Island Data and Recovery Center (LIDARC),1
The Nairobi City County,1
BBBell SpA,1
BBT,1
Autonomous University of Nuevo León,1
Availo AS,1
AviaTel,1
Awecomm Technologies,1
Axcelx Technologies LLC,1
Axione Lotim Telecom,1
The LeFrak Organization,1
Asia Consultancy Group (ACG),1
Ask4,1
Aspen Creek Digital Corporation,1
Aspire Technology Solutions,1
AyEmTi,1
Ayera Technologies,1
Aéroport de Toulouse-Blagnac,1
The Retirement Systems of Alabama,1
The STEM Practice,1
The Saudi Investment Bank,1
The Swig Company,1
The University of Albany,1
The Independent Network Operations Consortium (INOC),1
The Internet Centre,1
The Karcher Group,1
TierNet,1
Atlas Compute (infrastructure by Penguin Solutions),1
Atlanta NAP,1
Atlantic Power,1
Atlas Agro North America,1
Assetel,1
Astound Business,1
AstrecData,1
Tillion DC,1
Tillion Data Centers,1
Time Warner Cable,1
Time Warner Cable Business Class,1
Timeweb Co. Ltd.,1
Thrive,1
Thésée Datacenter,1
Thüringer Netkom,1
Tishman Real Estate,1
"Tishman Speyer (site acquired from CyrusOne, July 2026)",1
Tissat,1
Titan Datacenters,1
Titania,1
Titus Development Company / Go Energy Group,1
Tokyo Stock Exchange (TSE),1
TigerDC,1
The Peshawar Electric Supply Company (Pesco),1
Tolar Systems,1
Tonaquint Data Center,1
Tondu Corporation,1
Top NET,1
Top Systems Data Centers,1
Tops.net GmbH & Co. KG,1
Tornado Datacenter GmbH & Co. KG,1
Transit America Data Center,1
"Transportes Ochoa, S.A.",1
Tower Property Fund,1
Towne Investments,1
"Toyota Tsusho America, Inc.",1
Tradeport Ashland Land LLC,1
UKDedicated,1
ULI - Utility Line Italia srl,1
Treefaz,1
Treetop Development,1
Treureal Property Management GmbH,1
Trammell Crow Company (CBRE subsidiary),1
TransACT Capital Communications Pty Ltd,1
TransData AS,1
TransGas Development LLC,1
Transcendent,1
Truss Energy,1
Trusted-Colo GmbH & Co,1
"Trustwave Holdings, Inc.",1
Tucson Electric Power,1
Transtelco,1
Transwestern,1
Travelport,1
Treaty Oak Clean Energy,1
Astute Hosting Incorporated,1
AtenaHost,1
Atieh Dadeh Pardaz,1
Atjeu,1
Ashland Technology Complex and Data Center,1
Tierra Adentro Growth Capital (TAG Capital) / DESRI,1
Tripnet AB,1
TrueNet,1
Ultrasitios,1
Ulyanovsk Internet Exchange (ULN-IX),1
"UnReal Servers, LLC",1
Undisclosed (Balloonist LLC),1
Undisclosed (Fortune 100 end user; rezoning sought through Mason County officials),1
USP - Universidade de São Paulo,1
Ubiquity,1
Ucomline (Digital Generation),1
Türk Telekom International (TTI),1
Tulip Telecom Limited,1
Tunisie Telecom,1
Turin Hoefler Avenue LLC,1
TurnKey Services AG,1
Turnket,1
Tusmobil,1
Tux Internet,1
UEM - Universidade Estadual de Maringá,1
UFAM Universidade Federal do Amazonas,1
Tver Life,1
"Twisted Gun Solar, LLC and Twisted Gun BESS, LLC (MN8 Energy Operating Co. LLC)",1
Tyco,1
Tyler Vault.com,1
Type One Energy,1
Türk Telekom,1
"UNICORN INTERESTS LLC, CLOUD HQ",1
"UNICORN INTERESTS LLC, PCL F1",1
U.S. Army Engineer Research and Development Center (DoD High Performance Computing Modernization Program),1
U.S. Department of Energy,1
U.S. Navy (DoD High Performance Computing Modernization Program),1
U.S. NetworX,1
UAE Telecommunications Regulatory Authority (TRA),1
UBS AG,1
Ark Datacenters,1
Arkansas Electric Cooperative Corporation,1
Armenian Datacom Company (ADC),1
"Armstrong Power, LLC (NRG Energy)",1
"Arena Investors, LP",1
ArianeGroup,1
Aride Ocean,1
Arizona Data Centers,1
Asaweb Serviços em multmídia,1
Ascenix Pte Ltd,1
Arseva,1
Artefact,1
Artemis Power Tech,1
Artemis Technologies,1
Artmotion Ltd,1
Artnet Sp. z o.o.,1
UNISYS,1
UNIT-IS,1
UNITED COLO GmbH,1
Apex Clean Energy,1
Apotech Group,1
Arup Americas Inc,1
Arvato,1
Arvato Systems,1
Uganda Internet Exchange Point (UiXP),1
Uganda Telecom,1
Ukrnames,1
US Government,1
US Internet (USI),1
US Secure Hosting Center,1
US Secure Hosting Center (USSHC),1
US Signal (site registered by OneNeck IT Solutions LLC),1
Undisclosed (annexation petitioner: Radius DC Raleigh I),1
Undisclosed (approached through a San Diego-based consulting firm),1
Undisclosed (landowner: Washington Single Family Fund3),1
"Undisclosed (major tech company, NDA not signed)",1
Undisclosed (parcels controlled by Amzak Capital Management),1
Undisclosed (rezoning applicant: Engineered Land Solutions),1
"Undisclosed (tract rezoned at the request of Juban Land Holdings, LLC)",1
Undisclosed data center developer (landowner Joshua Harrelson),1
Unisecure Data Centers,1
Undisclosed data center development group,1
Undisclosed developer (Blakely rezoning applicant),1
Undisclosed developer (Bridgeport Industrial Park),1
Undisclosed developer (Project Altair),1
"Undisclosed developer (marketed as 'Sentinel Grove Technology Park', county code-named 'Project Jarvis')",1
Undisclosed developer (represented by Dykema Gossett PLLC),1
Undisclosed developer (respondent to City of Detroit RFP),1
University Corporation for Atmospheric Research,1
Undisclosed end user (rezoning sought by Greenbrier Land Company),1
Undisclosed end user (site pursued by Choose Columbus / Development Authority of Columbus),1
Undisclosed operator (Grant Town Power Plant site; plant operated by American Bituminous Power Partners for owner Horizon Ventures),1
Undisclosed private developers,1
Undisclosed technology company (site search via The Right Place),1
Unet,1
Unilogic Networks B.V.,1
UPL Telekom,1
UPX technologies,1
US Data Centers,1
US Development (end tenant undisclosed),1
Unisys,1
United Parcel Service of America (UPS),1
Univates,1
"University Blvd, LLC",1
Area Project Solutions S.L.,1
Arbinet,1
Archbald 25 Developer LLC,1
Archbald I,1
Applied Systems,1
Appnor,1
Apricus Energy Partners,1
Antel Urugauy,1
University Heidelberg,1
University of Alabama,1
University of Colorado,1
Archbald Ventures,1
Archer Datacenter,1
Arconic Corporation (Apollo-owned),1
Ardent Data Centers (Northern Data Group),1
Ardent Technologies,1
University of Michigan,1
University of Michigan (with Los Alamos National Laboratory),1
University of North Dakota,1
"University of Porto, Faculty of Sciences (FEUP)",1
University of Texas,1
University of Vienna,1
University of Wisconsin-Madison,1
University Corporation for Atmospheric Research (UCAR),1
Uztelekom,1
VA 95 BUILDING NINE LP,1
VERISIGN INC,1
VILLE DE DAX,1
Unnamed developer,1
Unnamed developer (NDA with town),1
Untangled Technology,1
"Upload, Inc",1
AliCloud,1
Alienor.net,1
Americatel,1
Anadolu Bili?im Hizmetleri ABH,1
Anchorstone Advisors LLC,1
Andover HPC Development,1
American Electric Power (AEP),1
American Express,1
Vastnet,1
VTEL Holdings,1
Valar Atomics,1
Valara Holdings (NorthMark Strategies),1
"Valara Holdings, LLC",1
Valco Carolie County,1
VME Developers,1
VMware,1
Vazata,1
VectorFibre,1
Vegacom,1
ValorC3 Data Centers,1
Van Metre Communities LLC/Roy Barnett,1
Van Trust Real Estate,1
Varion Telecom Sp. z o.o.,1
Varna Data Center,1
Anthropic / Fluidstack,1
Antwerp DC,1
University of Groningen,1
University of Hawaiʻi (for Air Force Research Laboratory),1
University of Lahore,1
University of Maine System,1
Vault AS,1
"Vault Networks, Inc.",1
Velocity Data Centers,1
VeratNet,1
VeriTeknik Bilisim Ltd.,1
Vital Technology,1
Vivacom / BTC,1
Vivo,1
Vivo Empresas,1
Vline Telecom,1
Via-numerica,1
Viatel,1
Viawest,1
Vermaland LLC,1
Vernon Data Center,1
Verrus (Sidewalk Infrastructure Partners),1
VegasNAP,1
Vegasystems GmbH & Co. KG,1
Victory Technology Center,1
Vienna-Hainburgerstrasse (HS33),1
Villecolo,1
Vinadata JSC,1
Vinakom,1
Vineyard Data Center Park,1
Verus Corporation,1
Vescnet,1
American Real Estate Partners,1
American Real Estate Partners (AREP),1
Amazon Web Services (A-100 LLC),1
Amazon Web Services (land held via Buck Canyon Properties),1
American Data Center Partners LLC,1
VNTT (Vietnam Technology and Telecommunication),1
VOLhighspeed,1
VPLS / ACS State and Local,1
Aligned Energy,1
Alinma Bank,1
Alionis,1
Allama Iqbal Open University (AIOU),1
"Allegheny DC Property Co., LLC",1
Alert Communications,1
Alexhost SRL,1
Algar Technologia,1
Altaf Makanojiya,1
Altafiber,1
Altaire,1
Alternative Data Center,1
Almaguin Data,1
Alonstelefonstroy (ATC),1
Alpharetta DC,1
Aligned Data Centers (in partnership with U.S. Paper Mill LLC / U.S. Medical Glove Company),1
Virtuaoperator,1
Visa,1
Visa Inc.,1
Vipnet,1
Virginia Electric and Power Company (Dominion Energy),1
Virginia Information Technologies Agency,1
"Agincourt Investments, LLC",1
Alpine Electronics,1
Vodacom Business,1
Vision Telecom Private Limited,1
VisionQuest Inc.,1
Visual Link Internet,1
Visual Online,1
Vital International Ltd,1
Virtual networks,1
Virtualapps,1
"Wave Garden, LLC",1
Waveform Technology,1
WayWeb.com,1
Waymark Communications,1
We Dare BV,1
Walhalla,1
"Wallace Jackson, LLC (developer; end user undisclosed)",1
Wallonie Data Center SA,1
VolkerWessels,1
Volt Edge Energy,1
Volta,1
Voltekko,1
Vodacom Mozambique,1
Vodafone Netherlands,1
Washington Technology Solutions,1
"Watchtower Bible and Tract Society of New York (acquired from Kyndryl, June 2026)",1
WEBDEV,1
WEC Energy Group,1
Vostron,1
Voxbras,1
Vultr,1
W Holdings,1
"WALSH, COLUCCI, LUBELEY & WALS / MINCHEW RANDALL J.",1
Volition Industries,1
Viridian Partners,1
Viridien,1
Viridio,1
"WALSH, COLUCCI, LUBELEY & WALS, Michael Romeo",1
WANSecurity Hosting,1
WATERSIDE I LLC,1
WATKINS LAND LLC,1
WDC Data Center Solutions,1
Aiso,1
AkashiQ Data Care India Pvt.Ltd.,1
Aktif Setegap Sdn Bhd,1
Akzo Nobel,1
Al Rajhi Bank,1
Aiber Networks,1
Airbus,1
Airtel Africa,1
WHEELER SURVEY COMPANY LLC,1
Acehost,1
Acens Technologies,1
Alabama Supercomputer Authority,1
Alaska Communications,1
Alcove Development,1
Alerify Inc,1
Airwire,1
WV Energie AG,1
WWI,1
Wacolo (Columbia Colocation),1
Wagner Properties,1
"Wahawk Power, LLC",1
WELLINGTON ROAD PROPERTY LLC,1
WEST AFRICA DATABRIDGE,1
WF Industrial (Wildflower),1
Walmart,1
Walter Rhodes Data Services Sdn Bhd,1
Warrenton Group (TWG Data),1
Warsaw Data Center (WDC),1
Warsaw Stock Exchange,1
"WOWaccess, Inc",1
WRN Broadcast,1
WRV Nurseries South Brunswick,1
"Webair Internet Development, Inc.",1
Webfactor,1
Webplus24 GmbH,1
Wixom Industrial One / Sansone Group,1
Wnet Telecom,1
Wolast Technologies,1
Worknet,1
Wingu,1
WhiteFiber (Bit Digital),1
Weidenhammer,1
"Wells Draw Energy, LLC",1
WestBlock Capital,1
WestDulles Properties,1
WeConnect Data Center,1
WebNX,1
WebNX Internet Services,1
Whitelabel IT Solutions,1
Whitelabelitsolutions,1
"Wholesale Internet, Inc.",1
Wi-Manx,1
Westbank / Urban Community,1
Westbridge Renewable Energy,1
Westland Bunker,1
White Rose Partners,1
Adylnet Telcom,1
Aecero,1
Aegis Data,1
Aeris Energy (with Telkite Enterprises),1
WOBCOM,1
WOW Business/E Solutions,1
WOW! (Wide Open West),1
WhiteHosting,1
Ackstorm,1
Acorn Technology Services,1
AcroNOC,1
Acropolis Telecom,1
"Actapio, Inc.",1
Acceleration,1
"Access Basic Server ""Abserver""",1
AceHost,1
Advanced Data Centers,1
Advanced Data Centres (ADC),1
"Advanced Internet Technologies, Inc.",1
Advanced Power,1
Advania Data Centres,1
Adamant,1
Adaptive Insights,1
"Adapture Renewables, Inc.",1
Willowbend Capital,1
Winchester Gateway LLC,1
Wicity Srl,1
WickedWay,1
Wicorp S.A (Nubenet),1
ASHBURN DATA PROPERTY OWNER LP,1
ASHTON YASSUDA,1
Advance2000,1
Winsor Consulting Group,1
Wintek,1
Wintek Corporation,1
WiredRe,1
Wise Innovation Hub Venture LLC,1
"Will-Power OH, LLC (The Williams Companies)",1
Williams Brothers Development,1
Willow Lakes LLC (end operator undisclosed),1
WorldSpice Technologies,1
Worldstream,1
XC Networks,1
Zhejiang Yunkuaichuan Science and Technology Co. Ltd,1
Zinke Investments LLC,1
Zoar.ro,1
Zugernet,1
Zulu Technology Ltd,1
Xifos Limited,1
XINON GmbH,1
XIOLINK,1
XMission,1
XNet,1
XS4ALL Internet B.V.,1
XTX Markets,1
WorldLink Internet Services,1
Yellowstone Regional Internet Exchange (YRIX),1
Yondr,1
Xecunet,1
Xentime,1
Xera Data Center,1
Xerox Powerland,1
Xertix,1
Xiaomi,1
WideXS / ion-ip B.V.,1
Wiki Telecomunicações,1
Wilcon,1
Xilogix,1
Xsalto,1
Xyvest Holdings,1
YOSEMITE DC ASSETS LLC,1
Yasref Company Ltd.,1
Accel Communications LLC,1
Accelerated IT Services GmbH,1
ATLANTIC CROSSING LLC,1
AUBix,1
AVS Telecom,1
AZNetwork,1
Aalo Atomics,1
ASICSPACE,1
ACD.net (Advanced Communications & Data),1
ACME Universal Communications,1
ACS Angola Comunicações e Sistemas,1
"Abit USA, Inc. (Abits Group Inc)",1
AboutBit,1
AbsCloud,1
Abundant Mines (Good Life Realty LLC),1
Academia Sinica Computing Centre,1
ZONAMERICA,1
ZTE Energy Company Limited,1
"Zafra, LLC",1
Zajil Telecom,1
Zambia Information and Communications Technology Authority (ZICTA),1
ZebraHosts,1
Yondr Group / Cerberus Capital Management,1
Youngwoo & Associates,1
Zydeco,1
aCure Technology,1
adeoDC,1
Zenith Development,1
Zenith Volts,1
Zenith Volts Corp.,1
"ZeroC Data Centers LLC (majority-owned by Petawatt Holdings, Inc.)",1
Zeta-Web Business Solutions,1
ANEXIA Internetdienstleistungs GmbH,1
AOC Group,1
APR Energy,1
AGIRC ARRCO,1
AHA Consulting Engineers (AHA),1
AHI33,1
AIB Data Centers Inc. (One Blockchain LLC),1
AIC,1
dc2scale Velizy,1
aqumo technologies SA,1
"4AM Development, LLC (developer; operator undisclosed)",1
4D Data Centres Ltd,1
511 Building,1
AIR FRANCE,1
ALSHAIN VENTURES LLC,1
ANET Internet Solutions,1
fifteenfortyseven Critical Systems Realty (1547),1
dcenter.pl,1
e-tera,1
eBay,1
eHosting Datafort,1
eSecureData Inc.,1
comtrance GmbH,1
datasource schweiz,1
ASTRIUM,1
ATE,1
ATI Solutions,1
AQL Telecommunication Services,1
AREP BEAUMEADE LLC,1
ZCOLO LLC,1
eTOP,1
edpnet,1
the benaroya company,1
tops.net,1
senseLAN GmbH,1
talia limited,1
1606 Corp.,1
1623 Farnam,1
165 Halsey Street,1
nwiNetworks,1
iColo,1
"xDefenders, Inc.",1
xefi shd cloud,1
yartranzittelecom cjs,1
ümit dinç,1
121 Varick Street Corp.,1
unWired Broadband LLC,1
w-doors,1
"5C Group (Hypertec Cloud + 5C Data Centers); tenant Vultr (The Constant Company, LLC)",1
5Nines,1
5nines,1
60 Fed LLC,1
4-3 Glenbrook Group,1
421 West Church Street,1
470 exchange,1
i3b GmbH,1
ABTEEN VENTURES LLC (CloudHQ),1
ABTInfo.net,1
740 Notre-Dame West,1
7ve7 Datacenter Ltd.Sti.,1
800 Oliver,1
8625 WELLINGTON ROAD LLC,1
9 Lives Digital Group (9LDG),1
"A.I., INC",1
Grand River Dam Authority,1
Grand River Power Company,1
Grande Communications Networks LLC,1
Grandilla (Arizona) Inc. and Foot Creek Corporation,1
Granite Block Global Data Center Inc.,1
GotSpace,1
Gotanet - Götalandsnätet AB,1
Gotham Bus,1
21st Century Technologies,1
247rack.com,1
1500 Gateway LLC (Penzance),1
GigaHost DA,1
Gigaland Data Centers,1
Gigaland LLC,1
Giganet,1
Graha Teknologi Nusantara (GTN),1
3W Infra B.V.,1
313 Wintersburg LLC and Wintersburg Four LLC,1
325 Hudson,1
325 Hudson Street,1
360 Technology Center Solutions,1
360E 22nd LLC,1
186k Limited,1
1and1 versatel,1
oodoo communications,1
n@work Internet Informationssysteme GmbH,1
nFrame,1
ndtArtemis,1
netTALK,1
kyberna AG,1
teleNAP,1
3SAMNET,1
