osm_type,osm_id,name,operator,owner,latitude,longitude,telecom,building,industrial,footprint_area_m2,source
way,94462720,Actis Data Center,Actis,,,,data_center,,,31801.494449079037,OpenStreetMap
way,98627758,Edificio de Operaciones,,,,,data_center,yes,,691.2001786381006,OpenStreetMap
way,156266896,Archivo Judicial,,,,,data_center,yes,,5012.877214025706,OpenStreetMap
way,180398402,,,,,,data_center,,,158744.0282601382,OpenStreetMap
way,187344929,,Cirion Technologies,,,,data_center,yes,,858.6401789751835,OpenStreetMap
way,204971297,,Cirion Technologies,,,,data_center,yes,,2503.743088234216,OpenStreetMap
way,224820071,Datacenter Claro,Claro Argentina,Claro Argentina,,,data_center,,,5383.553442060947,OpenStreetMap
way,233485459,Google Data Center,Google,,,,data_center,,,154058.09768716712,OpenStreetMap
way,256747269,,,,,,data_center,yes,,8916.928466649726,OpenStreetMap
way,260351760,Central CANTV,CANTV,,,,data_center,yes,,215.41500522161368,OpenStreetMap
way,263818700,Datacenter Telecom,TELECOM ARGENTINA S.A.,,,,data_center,yes,,9616.60180157423,OpenStreetMap
way,272108760,Central de Transmisiones,,,,,data_center,yes,,434.3996794486884,OpenStreetMap
way,282274149,,ARSAT,,,,data_center,data_center,,3695.8838560283184,OpenStreetMap
way,289165079,Equinix data center,Equinix,,,,,,data_centre,23830.90303037921,OpenStreetMap
way,304507029,Centro de Informática (CPD),,,,,data_center,yes,,1195.6286889991025,OpenStreetMap
way,313507898,,,,,,data_center,yes,,7537.622318062,OpenStreetMap
way,315703772,,,,,,,data_center,,3548.8176577724516,OpenStreetMap
way,317407357,,,,,,,data_center,,2232.051415472757,OpenStreetMap
way,343937843,Centro Tecnológico Caixa,,,,,data_center,commercial,,3196.7301619102363,OpenStreetMap
way,389904565,Microsoft,Microsoft,,,,data_center,yes,,410.3717349404469,OpenStreetMap
way,436179911,Unidade Técnica de Aeronavegação - REDE (SERRAMAR),INFRAERO;DECA;Governo Federal,,,,data_center,,,9248.774389080703,OpenStreetMap
way,453074095,Centro de Datos GTD Surco,GTD Chile,,,,data_center,yes,,250.02485044505738,OpenStreetMap
way,487510946,Level3 Mendoza,Lumen Technologies,,,,data_center,,,5072.216104701161,OpenStreetMap
way,513188016,,,,,,data_center,yes,,923.0422923886217,OpenStreetMap
way,523833987,CANTV Alta Vista,CANTV,,,,data_center,office,,734.5782874915749,OpenStreetMap
way,537218289,ST2,,,,,data_center,yes,,5104.619747942314,OpenStreetMap
way,546415184,NWI Telecom,,,,,data_center,yes,,1011.5028021655453,OpenStreetMap
way,661244075,Datacenter Claro - Liray,,,,,,,data_centre,70256.99862057285,OpenStreetMap
way,673758677,Ascenty SP2,Digital Realty,,,,data_center,yes,,8122.091985933483,OpenStreetMap
way,673758679,Ascenty SP1,Digital Realty,,,,data_center,yes,,3303.279393695295,OpenStreetMap
way,674001379,Bluenap Americas,,,,,data_center,yes,,5239.435504074552,OpenStreetMap
way,695690130,,,,,,,data_center,,10668.360349949915,OpenStreetMap
way,695690131,ODATA DC SP01,,,,,data_center,,,21156.730470864568,OpenStreetMap
way,695745461,Centro de Processamento de Dados - UEFS,Universidade Estadual de Feira de Santana,,,,data_center,yes,,463.56477535143495,OpenStreetMap
way,703242718,Equinix data center - ST4,Equinix,,,,data_center,ground_station,,1715.03015625244,OpenStreetMap
way,717898992,Oi,,,,,data_center,yes,,1226.280178129673,OpenStreetMap
way,725731282,,,,,,data_center,yes,,96.95296842872631,OpenStreetMap
way,726998855,,,,,,data_center,data_center,,17402.12880909862,OpenStreetMap
way,731157740,Centro de Datos Win Santa Catalina,Win,,,,data_center,data_center,,242.76860288437456,OpenStreetMap
way,766344821,,,,,,data_center,yes,,3106.8790327413008,OpenStreetMap
way,766344822,ST1,,,,,data_center,yes,,6068.406602197327,OpenStreetMap
way,770978294,Scala SGIGSM01,Scala Datacenters,,,,data_center,industrial,,36649.61842972669,OpenStreetMap
way,808900330,CSL Monet,Angola Cables,,,,data_center,yes,,2067.868802363053,OpenStreetMap
way,808900331,AngoNap Fortaleza,Angola Cables,,,,data_center,yes,,9048.998731736094,OpenStreetMap
way,820790000,Central telefônica de Itapetininga,Vivo,,,,data_center,,,1837.3270114138722,OpenStreetMap
way,833840511,Shelter Modernización,,,,,data_center,yes,,32.23165179952048,OpenStreetMap
way,846779776,Central de internet - Claro/NET,Claro S/A,,,,data_center,yes,,2251.8585667721927,OpenStreetMap
way,848800759,Edificio Telepuerto,,,,,,data_center,,731.4416397921741,OpenStreetMap
way,850177813,,,,,,data_center,industrial,,16886.12870363798,OpenStreetMap
way,856975112,Central telefônica da Vivo,VIVO SA,,,,data_center,yes,,445.7509171590209,OpenStreetMap
way,864164408,Datacenter de Mambucaba,Eletronuclear,,,,data_center,yes,,945.4894281532615,OpenStreetMap
way,867314871,Claro,,,,,data_center,house,,26.082071291282773,OpenStreetMap
way,872776256,,,,,,data_center,yes,,217.96207060664892,OpenStreetMap
way,881756415,CANTV Puerto Ordaz,,,,,data_center,office,,1146.8379295024788,OpenStreetMap
way,889177821,CANTV Chirica,CANTV,,,,data_center,public,,616.2558444864117,OpenStreetMap
way,900502564,CANTV Caura,CANTV,,,,data_center,yes,,627.1291838549078,OpenStreetMap
way,922257441,ICE - Centro de Datos,ICE,,,,data_center,yes,,12030.330039359527,OpenStreetMap
way,953200002,Centro de Cómputo,,,,,data_center,yes,,313.4298932682723,OpenStreetMap
way,990229094,,,,,,data_center,yes,,48.60926034627482,OpenStreetMap
way,1013151458,,,,,,data_center,yes,,22.101002088718815,OpenStreetMap
way,1022097165,Fleetnet,,,,,data_center,,,346.025875845924,OpenStreetMap
way,1023441556,Way Internet,,,,,data_center,,,707.8510358184576,OpenStreetMap
way,1023441558,Sferanet,,,,,data_center,,,610.0888377204537,OpenStreetMap
way,1025372335,Campus Santiago Ascenty Data Center,,,,,,,data_centre,63422.59341466986,OpenStreetMap
way,1026558508,Centro de Dirigentes Lojistas de Campos dos Goytacazes - CDL,CDL,,,,data_center,yes,,561.3302224106155,OpenStreetMap
way,1039363614,,,,,,,data_center,,37.14877149090171,OpenStreetMap
way,1040205551,,,,,,,data_center,,35.82266206573695,OpenStreetMap
way,1041950635,Data Center GTD,GTD,,,,,,data_centre,17972.242836624384,OpenStreetMap
way,1064447685,Armazém Cloud,,,,,data_center,yes,,685.4444737490267,OpenStreetMap
way,1079323317,Central CANTV,CANTV,,,,data_center,yes,,1171.9510447699577,OpenStreetMap
way,1091444209,Ingresos Club Axion,,,,,data_center,yes,,130.59987488068873,OpenStreetMap
way,1095945301,Odata Data Center,,,,,,,data_centre,26255.938505262136,OpenStreetMap
way,1105703906,Data Center (Ministério Público de Minas Gerais),,,,,data_center,yes,,646.0971991401166,OpenStreetMap
way,1109152125,Cirion,,,,,data_center,yes,,984.282902730687,OpenStreetMap
way,1118732098,Estacion Terrena Izalco,,,,,data_center,data_center,,1013.0277904176182,OpenStreetMap
way,1167125350,,,,,,data_center,yes,,669.696429177653,OpenStreetMap
way,1167125351,,,,,,data_center,yes,,516.4547346411273,OpenStreetMap
way,1167125352,Ascenty Infraestrutura de Data Centers,,,,,data_center,yes,,8218.492621625912,OpenStreetMap
way,1167125355,,,,,,data_center,yes,,1770.5478663548129,OpenStreetMap
way,1174694621,TeraSoft,,,,,data_center,yes,,206.28171037882566,OpenStreetMap
way,1175053016,Condomínio Galpões Comericiais (DATA CENTER),Ubatã Empreendimentos Imobiliários e Lazer LTDA,,,,data_center,,warehouse,232358.53155846894,OpenStreetMap
way,1176042553,AWS,Amazon Web Services,,,,data_center,yes,,28.374020755290985,OpenStreetMap
way,1182624646,Amazon Web Services,Amazon Web Services,,,,data_center,yes,,130.52865806221962,OpenStreetMap
way,1182950613,Sonda data center,,,,,,,data_centre,13089.440431190655,OpenStreetMap
way,1183529324,SCL02,,,,,data_center,yes,,10332.858997821808,OpenStreetMap
way,1188395400,,,,,,data_center,,,14272.594338030554,OpenStreetMap
way,1199331938,,,,,,data_center,yes,,79.98213230445981,OpenStreetMap
way,1200987490,Centro Nacional de Registros,,,,,data_center,,,36811.51956210041,OpenStreetMap
way,1227385800,,,,,,data_center,hangar,,231.74418983981013,OpenStreetMap
way,1227478328,Telecom,,,,,data_center,yes,,691.1243625916541,OpenStreetMap
way,1247691119,,,,,,data_center,yes,,24.825580714386888,OpenStreetMap
way,1247691121,,,,,,data_center,yes,,62.87799773318693,OpenStreetMap
way,1252669642,VIVE DIGITAL,,,,,data_center,yes,,261.5031173629686,OpenStreetMap
way,1275221458,Ascenty SP3,Digital Realty,,,,data_center,yes,,808.4150780532509,OpenStreetMap
way,1275221460,Ascenty SP3,Digital Realty,,,,data_center,yes,,3054.916524950415,OpenStreetMap
way,1275221478,Ascenty SP4,Digital Realty,,,,data_center,yes,,7158.756687144749,OpenStreetMap
way,1278659480,Cable & Wireless,,,,,data_center,yes,,818.8598556168145,OpenStreetMap
way,1293731091,G2K Argentina SA,,,,,data_center,yes,,243.64975826628506,OpenStreetMap
way,1294635113,SCL03,,,,,data_center,yes,,10339.320167571306,OpenStreetMap
way,1294635114,SCL01,,,,,data_center,yes,,6621.144697129726,OpenStreetMap
way,1294875244,Scala Data Center,,,,,,,data_centre,78319.07028490119,OpenStreetMap
way,1295016558,Microsoft Data Center,Microsoft,,,,,,data_centre,68682.1146826297,OpenStreetMap
way,1295016559,COLO 2,Microsoft,,,,data_center,construction,,4996.594928115606,OpenStreetMap
way,1295016560,COLO 1,Microsoft,,,,data_center,construction,,4996.2004077881575,OpenStreetMap
way,1295098901,Odata Data Center,,,,,,,data_centre,73108.60664266348,OpenStreetMap
way,1295098902,DC STO2,,,,,data_center,yes,,16975.508179306984,OpenStreetMap
way,1295392065,IBM data center / Centro Tecnológico San Bernardo,,,,,,,data_centre,9544.2955726441,OpenStreetMap
way,1296990345,Amazon Web Services,Amazon Web Services,,,,data_center,yes,,5006.093602180947,OpenStreetMap
way,1307080783,Equinix Rio RJ2,Equinix,,,,data_center,yes,,5683.618908125907,OpenStreetMap
way,1323035709,Centro de Datos - Banco Nacional,Banco Nacional,,,,data_center,,,15372.315796021372,OpenStreetMap
way,1331645888,ClickIP DataCenter,Click IP,,,,data_center,yes,,1459.2874884256307,OpenStreetMap
way,1332106440,Centro de Entrenamiento Tecnológico,UNMSM - Huawei,,,,data_center,,,342.49771291948855,OpenStreetMap
way,1348743262,CANTV La Sabanita,CANTV,,,,data_center,,,4358.843926772242,OpenStreetMap
way,1349284140,,,,,,data_center,yes,,21.263682952150702,OpenStreetMap
way,1366376874,ODATA DC RJ01,Odata,,,,data_center,,,18848.035989447148,OpenStreetMap
way,1379328004,,,,,,data_center,yes,,91.64793901046505,OpenStreetMap
way,1385101584,Odata,,,,,data_center,,,60100.46575434087,OpenStreetMap
way,1385788091,DC STO1,,,,,data_center,yes,,17231.293930113316,OpenStreetMap
way,1394574558,Datacenter Ingeniero José Luis Massera,ANTEL,,,,data_center,industrial,,7213.543965980411,OpenStreetMap
way,1413526738,GTD Centro de Datos Lurín,,,,,data_center,yes,,1262.2160606721882,OpenStreetMap
way,1413526741,Cirion Centro de Datos LIM2,,,,,data_center,yes,,3652.433541216422,OpenStreetMap
way,1413583579,,,,,,data_center,yes,,284.58110693097115,OpenStreetMap
way,1424249774,Data Center L7,,,,,data_center,industrial,,680.752646362409,OpenStreetMap
way,1427547793,Rio AI City,,,,,data_center,,,684910.6252227654,OpenStreetMap
way,1431413742,Araguaney,Telefonica,,,,data_center,yes,,48.271804893025546,OpenStreetMap
way,1433879104,CENTRO CONCILIACION DE LA UNIVERSIDAD DE SANTANDER,,,,,data_center,house,,419.3568056728691,OpenStreetMap
way,1433879105,Programa desarrollo y paz del Cesar,,,,,data_center,yes,,745.1542849838734,OpenStreetMap
way,1437038742,CNT - Nodo Bastión CTG,,,,,data_center,yes,,61.37671257345937,OpenStreetMap
way,1447472694,Centro de Datos - CNT,,,,,data_center,yes,,4310.708125278354,OpenStreetMap
way,1471853439,Edificio de Telecomunicaciones,,,,,data_center,yes,,113.7304923911579,OpenStreetMap
way,1472333082,Scala Data Center,Scala,,,,data_center,yes,,19427.53465524316,OpenStreetMap
way,1472333084,Equinix,Equinix,,,,data_center,,,9513.724173884373,OpenStreetMap
way,1472876777,KM 0 Silica Networks AVC,,,,,data_center,,telecommunication,812.1399885853752,OpenStreetMap
way,1472876782,Estación de amarre cable submarino de fibra óptica,Cirion Technologies,,,,data_center,,telecommunication,7030.913855053484,OpenStreetMap
way,1473492475,Estación de Amarre Las Toninas - Telecom,Telecom,,,,data_center,,telecommunication,1396.3972908016294,OpenStreetMap
way,1475003347,Equinix SP6,Equinix,,,,data_center,yes,,99108.25804630667,OpenStreetMap
way,1482078170,,,,,,data_center,yes,,107.49971738056047,OpenStreetMap
way,1490026403,,Digitel,,,,data_center,,,4288.234156841936,OpenStreetMap
way,1524226648,CANTV Vista Hermosa,CANTV,,,,data_center,,,2267.088213521987,OpenStreetMap
relation,13642887,TELECOM,,,,,data_center,yes,,,OpenStreetMap
relation,21441743,Centro de Gestão do Conhecimento Organizacional,UFJF,,,,data_center,university,,,OpenStreetMap
way,53454428,Rostelecom Novosibirsk,Rostelecom,,,,data_center,yes,,953.9229339063168,OpenStreetMap
way,56245264,,Мегафон,,,,,data_center,,1688.2753013893962,OpenStreetMap
way,70659008,Rostelecom Ekaterinburg,Rostelecom,,,,data_center,yes,,514.1794091546908,OpenStreetMap
way,117325061,Keppel DC Singapore 1,Keppel Data Centres,Keppel DC REIT,,,data_center,data_center,,3904.6582232581277,OpenStreetMap
way,117701629,Nxera DC Tuas,Nxera,Singtel,,,data_center,data_center,,6144.614709303714,OpenStreetMap
way,118438907,STT Defu 2,ST Telemedia Global Data Centres,,,,data_center,data_center,,3344.363715261221,OpenStreetMap
way,121507936,,,,,,data_center,data_center,,5019.645796734141,OpenStreetMap
way,122666857,NTT,NTT,,,,data_center,office,,1285.4377622641623,OpenStreetMap
way,124484215,Digital Loyang 1,Digital Realty,,,,data_center,data_center,,3446.909600833431,OpenStreetMap
way,124529189,Keppel DC Singapore 4,Keppel Data Centres,Keppel DC REIT,,,data_center,industrial,,4149.887428915128,OpenStreetMap
way,124529573,Keppel DC Singapore 3,Keppel Data Centres,Keppel DC REIT,,,data_center,data_center,,2563.844235729892,OpenStreetMap
way,124529585,Keppel DC Singapore 2,Keppel Data Centres,Keppel DC REIT,,,data_center,data_center,,2251.0009027343476,OpenStreetMap
way,134712676,名氣通香港2號數據中心 TGT Hong Kong Data Centre 2,,,,,data_center,,,9000.159418415278,OpenStreetMap
way,135187067,HKCOLO,,,,,data_center,,,17416.659978708252,OpenStreetMap
way,137626386,TYO3 Tokyo Data Center,Digital Edge,,,,data_center,yes,,1126.986080052331,OpenStreetMap
way,147616071,京阪奈データセンター,,,,,data_center,yes,,9347.89005796489,OpenStreetMap
way,149133536,Equinix Tokyo TY11,,,,,data_center,yes,,4118.588396757841,OpenStreetMap
way,151883651,SCB Chaengwattana Building,,,,,data_center,yes,,6165.0656785429455,OpenStreetMap
way,152283280,Equinix Data Center SG1,Equinix,,,,data_centre,data_center,,6361.9505546137225,OpenStreetMap
way,169957898,STT Defu 1,ST Telemedia Global Data Centres,,,,data_center,data_center,,2988.0779661766355,OpenStreetMap
way,169957903,STT Defu 3,ST Telemedia Global Data Centres,,,,data_center,data_center,,2312.7450025242288,OpenStreetMap
way,169993479,NTT Communications Singapore Serangoon Data Center,NTT Data,,,,data_centre,data_center,,3519.9249973132028,OpenStreetMap
way,169993481,Iron Mountain Data Centers SIN-1,,,,,data_center,data_center,,3053.8288627177826,OpenStreetMap
way,173030069,Jurong Data Center,Digital Realty,,,,data_center,data_center,,6013.188878276138,OpenStreetMap
way,175354642,西東京データセンター 1号棟,,,,,data_center,,,4577.517817478394,OpenStreetMap
way,189215749,,,,,,data_center,yes,,2559.1641612038948,OpenStreetMap
way,191881072,,,,,,data_center,,,18206.786140055396,OpenStreetMap
way,196301958,NEC神戸システムセンター,,,,,data_center,,,46652.35042694677,OpenStreetMap
way,206823814,澳門檔案館 Arquivo de Macau,,,,,data_center,yes,,665.0150163024664,OpenStreetMap
way,207890264,数字北京,,,,,data_center,yes,,9095.253206767142,OpenStreetMap
way,210707557,野村総合研究所 東京第一DC,,,,,data_center,yes,,9336.1411001347,OpenStreetMap
way,229034518,TYO2 Tokyo Data Center,Digital Edge,,,,data_center,yes,,484.4331927411258,OpenStreetMap
way,252391897,,CapitaLand,,,,data_center,data_center,,3717.5117986239493,OpenStreetMap
way,253040192,드림마크원 데이터센터,,,,,data_center,commercial,,2033.1812013089657,OpenStreetMap
way,261164475,,,,,,data_center,data_center,,3113.8003231780604,OpenStreetMap
way,290393396,香港交易所將軍澳數據中心 HKEx Tseung Kwan O Data Centre,,,,,data_center,yes,,5493.200592920184,OpenStreetMap
way,311415189,,,,,,data_center,yes,,3941.0807018009946,OpenStreetMap
way,326480223,西日本電話電信白島ビル,,,,,data_center,yes,,684.5800854158006,OpenStreetMap
way,334642251,万国数据深圳3号数据中心,万国数据,,,,data_center,yes,,1360.9419663185254,OpenStreetMap
way,350123835,,中国电信,,,,data_center,yes,,2055.681784177432,OpenStreetMap
way,352629530,,,,,,data_center,yes,,2164.2532024011016,OpenStreetMap
way,352629531,SCSK netXDC,,,,,data_center,yes,,2079.301262155175,OpenStreetMap
way,355599482,Nxtra Data Chennai,,,,,data_center,yes,,1209.7746610237991,OpenStreetMap
way,359486766,@Tokyo Chuo Center (CC1 & CC2),,,,,data_center,yes,,6642.654776662588,OpenStreetMap
way,359732953,,,,,,data_center,warehouse,,10343.264214843512,OpenStreetMap
way,359732955,Equinix Dubai DX1,Equinix,,,,data_center,warehouse,,6602.739743188024,OpenStreetMap
way,377876206,南大嶼山海底電纜站 South Lantau Submarine Cable Station,,,,,data_center,data_center,,1107.5636052824557,OpenStreetMap
way,380518633,STT MediaHub,ST Telemedia Global Data Centres,,,,data_center,data_center,,5587.120451718103,OpenStreetMap
way,380519866,Equinix Data Center SG3,Equinix,,,,data_center,data_center,,8218.351840415737,OpenStreetMap
way,391262514,Keppel DC Singapore 5,Keppel Data Centres,Keppel DC REIT,,,data_center,industrial,,3978.7737397197343,OpenStreetMap
way,430604130,中華電信,,,,,data_center,yes,,634.2542149890214,OpenStreetMap
way,442479059,,,,,,data_center,yes,,504.11893289098225,OpenStreetMap
way,447107639,STT Tai Seng 1,ST Telemedia Global Data Centres,,,,data_center,data_center,,3802.0195802202943,OpenStreetMap
way,449246887,中華電信 新北三多測量台,,,,,data_center,,,842.0168368727609,OpenStreetMap
way,453266905,,NeutraDC,,,,data_center,data_center,,2340.296471067355,OpenStreetMap
way,453390412,Equinix Data Center SG4,Equinix,,,,data_center,data_center,,3561.6927971253026,OpenStreetMap
way,453390414,,CapitaLand,,,,data_center,data_center,,4260.629999016033,OpenStreetMap
way,453390431,,Racks Central,AIMS APAC REIT,,,data_center,industrial,,1870.3272277687502,OpenStreetMap
way,453391020,,Global Switch,,,,data_center,data_center,,4609.677706302318,OpenStreetMap
way,453391021,,China Mobile International,,,,data_center,data_center,,2759.0659702400735,OpenStreetMap
way,453640737,KT 용산 IDC,KT,,,,data_center,yes,,4950.901898056269,OpenStreetMap
way,456509334,,,,,,data_center,data_center,,1039.2336182668805,OpenStreetMap
way,457994055,,,,,,data_center,commercial,,5310.88382551074,OpenStreetMap
way,457994056,,,,,,data_center,yes,,5142.97332495451,OpenStreetMap
way,468985576,安碁資訊,,,,,data_center,industrial,,8135.457405036781,OpenStreetMap
way,475111255,,NHN,,,,data_center,yes,,10773.784095640498,OpenStreetMap
way,475112270,네이버데이터센터 각,NHN,,,,data_center,yes,,4661.554082141258,OpenStreetMap
way,478993292,CTC Kobe,CTC,,,,data_center,yes,,3781.006306009367,OpenStreetMap
way,479733626,,,,,,data_center,yes,,1540.6729013938457,OpenStreetMap
way,481992323,Nxera DC West,Nxera,Singtel,,,data_center,data_center,,7175.762677562889,OpenStreetMap
way,505212799,,,,,,,,data_centre,9201.868375447346,OpenStreetMap
way,509473117,中華電信台南營運處第二客戶網路中心,中華電信,,,,data_center,data_center,,1432.4950182607863,OpenStreetMap
way,527166726,NTT市川中山ビル,NTT東日本,,,,data_center,yes,,2434.22297560703,OpenStreetMap
way,527442005,,Google,,,,data_centre,data_center,,14866.5410515595,OpenStreetMap
way,533951022,,,,,,data_center,data_center,,3537.8056615511814,OpenStreetMap
way,540895898,Битривер Рус,,,,,data_center,data_center,,14246.611368119717,OpenStreetMap
way,544881308,,OCBC,,,,data_center,data_center,,2512.6505668042228,OpenStreetMap
way,545388839,NTT BKK2 Data Center,NTT,,,,data_center,industrial,,3239.7155515551567,OpenStreetMap
way,546153676,,Microsoft,,,,data_center,data_center,,8734.294605890347,OpenStreetMap
way,553651276,VITRO Parañaque,ePLDT,,,,data_center,,,9682.17146164598,OpenStreetMap
way,556926334,,,,,,data_center,data_center,,1034.5815509418026,OpenStreetMap
way,557360778,Equinix TY3,Equinix,,,,data_center,yes,,1694.2531134863384,OpenStreetMap
way,567684460,高知信用金庫バックアップセンター,高知信用金庫,,,,data_center,yes,,812.2784919877886,OpenStreetMap
way,578443546,Google台灣資料中心,,,,,,,data_centre,148991.2664679289,OpenStreetMap
way,590889274,Big Data Exchange Singapore Data Center SIN1,BDx,,,,data_center,commercial,,1822.0884964462603,OpenStreetMap
way,592721042,政府數據中心大樓 Government Data Centre Complex,,,,,data_center,,,1639.6229932233691,OpenStreetMap
way,593967303,NTT TK2,,,,,data_center,apartments,,1724.0355791784823,OpenStreetMap
way,617551098,KDDI千倉海底線中継所,KDDI,,,,data_center,yes,,2687.021464476362,OpenStreetMap
way,627183337,NTT,NTT,,,,data_center,yes,,666.2245159508893,OpenStreetMap
way,644702393,NTT TK9,,,,,data_center,yes,,6205.915096186567,OpenStreetMap
way,647243187,Equinix Tokyo TY5,,,,,data_center,commercial,,1322.8576391469687,OpenStreetMap
way,647564684,,,,,,data_center,commercial,,7324.192051798105,OpenStreetMap
way,665480341,,,,,,data_center,data_center,,25649.42126620561,OpenStreetMap
way,665480347,,,,,,data_center,data_center,,22966.002500751987,OpenStreetMap
way,665480350,,,,,,data_center,data_center,,21290.611922107637,OpenStreetMap
way,669039505,NTT,NTT,,,,data_center,yes,,2795.5217365575663,OpenStreetMap
way,679120875,云硕科技（云谷数据中心）,,,,,data_center,,,60044.969156748615,OpenStreetMap
way,697528643,Global Switch Singapore Woodlands,,,,,data_center,data_center,,4926.420046457672,OpenStreetMap
way,697877148,,,,,,,,data_centre,9930.391117725521,OpenStreetMap
way,713750520,,,,,,,,data_centre,6444.128946060315,OpenStreetMap
way,721312811,KAGOYA データセンター A棟,カゴヤ・ジャパン株式会社,,,,data_center,yes,,719.0968109192327,OpenStreetMap
way,721312813,KAGOYA データセンター B棟,カゴヤ・ジャパン株式会社,,,,data_center,yes,,934.7129029948264,OpenStreetMap
way,727153088,NIO Datacenter,,,,,,data_center,,560.0981713747606,OpenStreetMap
way,730851630,Reliance Communications Internet Data Center,Reliance Communications,,,,data_center,yes,,1443.7629713639617,OpenStreetMap
way,738859272,STT Makati,ST Telemedia Global Data Centres Philippines,,,,,,data_centre,9354.796489194036,OpenStreetMap
way,746750722,Colt Shiohama,,,,,data_center,commercial,,3036.0141201242805,OpenStreetMap
way,751903104,NTT西日本,NTT西日本,,,,data_center,yes,,555.5080514578585,OpenStreetMap
way,752293650,,,,,,data_center,yes,,7894.10923872143,OpenStreetMap
way,759872064,1A,,,,,data_center,yes,,8878.129557788372,OpenStreetMap
way,759872065,1B,,,,,data_center,yes,,15188.059294432402,OpenStreetMap
way,759872066,4,中国电信,,,,data_center,yes,,6453.784011289477,OpenStreetMap
way,759872067,,,,,,data_center,yes,,6117.111705869436,OpenStreetMap
way,759872068,,,,,,data_center,yes,,8534.482301205397,OpenStreetMap
way,763953067,,,,,,,,data_centre,10856.68813782713,OpenStreetMap
way,764378315,NTT,NTT,,,,data_center,office,,2708.8982949219644,OpenStreetMap
way,767732159,เดอะคลาวด์,,,,,data_center,data_center,,1494.1404503313825,OpenStreetMap
way,770421867,,,,,,data_center,,,53546.19752729684,OpenStreetMap
way,774684124,Angeles Data Center,Converge ICT Solutions,,,,,,data_centre,16215.934784455225,OpenStreetMap
way,776672419,,,,,,data_center,industrial,,12904.35927373916,OpenStreetMap
way,797826487,万国数据深圳4号数据中心,,,,,data_center,yes,,13018.81553295441,OpenStreetMap
way,798253232,"Akshaya Centre, Palluruthy",,,,,data_center,yes,,143.81057377753314,OpenStreetMap
way,799315142,RMS Dish Service Center,RMS,,,,data_center,yes,,88.15127737401053,OpenStreetMap
way,799792028,,,,,,data_center,yes,,48.28192481212318,OpenStreetMap
way,800207361,Computer Center,,,,,data_center,yes,,73.30209252191707,OpenStreetMap
way,815642514,Digital Realty Kin Tak HKG11,Digital Realty,,,,data_center,yes,,1711.3277751888381,OpenStreetMap
way,815805192,ISSDC,,,,,data_center,yes,,3646.990009714733,OpenStreetMap
way,821920964,,,,,,data_center,commercial,,580.0865386072546,OpenStreetMap
way,821920965,,,,,,data_center,commercial,,621.5628115721047,OpenStreetMap
way,829254978,বাংলাদেশ ডাটা সেন্টার কোম্পানি লিমিটেড(বিডিসিসিএল),,,,,data_center,,,28672.445315361023,OpenStreetMap
way,836027457,SLT IDC - National Data Center - Pitipana,Sri Lanka Telecom PLC,,,,data_center,industrial,,1959.073316854192,OpenStreetMap
way,839662454,3,,,,,data_center,yes,,4422.67023890838,OpenStreetMap
way,841378985,2,,,,,data_center,yes,,6568.828726887703,OpenStreetMap
way,842083113,DITO CO64,,,,,data_center,yes,,143.45590473187622,OpenStreetMap
way,848498975,TMONE Klang Valley Data Center,,,,,data_center,,,37018.46380889136,OpenStreetMap
way,850166611,,NeutraDC,,,,data_center,data_center,,5699.485293317004,OpenStreetMap
way,850166612,Mapletree Sunview 1,,,,,,data_center,,4371.326165444334,OpenStreetMap
way,854227561,Mega Plus,,,,,data_center,,,10097.908177392077,OpenStreetMap
way,854227565,,,,,,data_center,industrial,,5457.241279289126,OpenStreetMap
way,854227566,,,,,,data_center,construction,,7256.405179709196,OpenStreetMap
way,860575850,鲁南大数据中心,,,,,data_center,,,87008.09625794296,OpenStreetMap
way,868233076,情報基盤センター,,,,,data_center,yes,,381.04505133489147,OpenStreetMap
way,882664393,Equinix Singapore SG5,Equinix,,,,data_center,data_center,,4428.210142701399,OpenStreetMap
way,882664401,,,,,,,,data_centre,14921.73033637079,OpenStreetMap
way,882664402,,,,,,data_center,,,4221.849597085267,OpenStreetMap
way,882664403,,,,,,data_center,,,4237.885254014283,OpenStreetMap
way,882664420,STT Defu Data Centre Campus,ST Telemedia Global Data Centres,,,,,,data_centre,14783.62257020388,OpenStreetMap
way,882664445,,,,,,,,data_centre,6566.650084798748,OpenStreetMap
way,882664446,,,,,,,,data_centre,6956.494262607885,OpenStreetMap
way,882664447,,,,,,,,data_centre,5941.044616601866,OpenStreetMap
way,882664449,1-Net North Data Center,Keppel Data Centres,,,,data_center,data_center,,3788.5407614270225,OpenStreetMap
way,882664450,Digital Loyang 2,Digital Realty,,,,data_center,industrial,,7512.217358955648,OpenStreetMap
way,882664459,Google Jurong West Data Center,Google,,,,,,data_centre,44704.94396099039,OpenStreetMap
way,882664502,,,,,,,,data_centre,7061.032476658933,OpenStreetMap
way,886450897,LaoDC,,,,,data_center,,,10150.084662921727,OpenStreetMap
way,905719338,中国联通三明分公司,,,,,data_center,yes,,1021.0898122042418,OpenStreetMap
way,905807631,Mudra Computer Center,Venu,,,,data_center,yes,,40.851337702944875,OpenStreetMap
way,909698744,Trung tâm dữ liệu FPT Fornix,FPT,,,,data_center,yes,,1287.8299094438553,OpenStreetMap
way,921746335,,,,,,data_center,industrial,,14997.113611153793,OpenStreetMap
way,923539617,Toà nhà Viettel IDC Pháp Vân,Viettel,,,,data_center,office,,431.59360167291015,OpenStreetMap
way,935465844,智慧云中心,,,,,data_center,commercial,,900.0747976703569,OpenStreetMap
way,941784004,Meta Singapore Data Center,Meta,,,,data_center,data_center,,22250.811594305807,OpenStreetMap
way,942266755,京东云华东数据中心二期,,,,,,,data_centre,174435.23174758255,OpenStreetMap
way,942509643,,,,,,,,data_centre,47655.99740948884,OpenStreetMap
way,943060836,PabPro Studio,Peddler Media Network,,,,data_center,yes,,77.36311817821115,OpenStreetMap
way,945945899,广东农信数据中心,,,,,data_center,yes,,31176.902772192843,OpenStreetMap
way,957884276,北京市信息安全容灾备份中心,,,,,data_center,,,20456.64969169395,OpenStreetMap
way,958794948,广州汇云数据中心,,,,,data_center,yes,,8495.469919130206,OpenStreetMap
way,958847154,腾讯贵安七星数据中心,,,,,data_center,yes,,106214.5825548321,OpenStreetMap
way,958847155,Apple iCloud Gui'An data center,,,,,data_center,,,145076.53246027976,OpenStreetMap
way,960934957,,,,,,data_center,yes,,53.35353799012955,OpenStreetMap
way,970019706,成都超算中心,,,,,data_center,yes,,9493.648967450485,OpenStreetMap
way,971289359,计算中心,,,,,data_center,yes,,869.9335519876331,OpenStreetMap
way,980172878,华为四川大数据中心,,,,,data_center,yes,,5254.343708312605,OpenStreetMap
way,982235412,Akshaya E Center,,,,,data_center,yes,,70.60109758749604,OpenStreetMap
way,982367712,中国移动(广东湛江)数据中心,,,,,data_center,yes,,4141.370499312878,OpenStreetMap
way,992650497,বাংলাদেশ টেকনোসিটি লিমিটেড,,,,,data_center,,,2929.420756570995,OpenStreetMap
way,1006126932,中国移动（广西）数据中心,,,,,data_center,,,50972.00904064253,OpenStreetMap
way,1009365291,华南国家计量测试中心,,,,,data_center,yes,,3931.7808149829507,OpenStreetMap
way,1009615405,,,,,,data_center,data_center,,12488.765814810991,OpenStreetMap
way,1009615406,,,,,,data_center,data_center,,12379.831404536963,OpenStreetMap
way,1009615407,,,,,,data_center,data_center,,12338.435426801443,OpenStreetMap
way,1009615408,,,,,,data_center,data_center,,12620.999906117097,OpenStreetMap
way,1009615430,京东云华东数据中心,,,,,,,data_centre,132979.84631617123,OpenStreetMap
way,1021126656,NTT,NTT,,,,data_center,yes,,863.2851842739619,OpenStreetMap
way,1023827348,,,,,,data_center,yes,,49.66628343984485,OpenStreetMap
way,1023827350,,,,,,data_center,yes,,26.16620597289875,OpenStreetMap
way,1023827351,,,,,,data_center,yes,,36.19555989746004,OpenStreetMap
way,1025242540,NTT,NTT,,,,data_center,yes,,922.0402879677713,OpenStreetMap
way,1026050674,NTT,NTT,,,,data_center,yes,,747.658085398376,OpenStreetMap
way,1026603690,NEXTDC Kuala Lumpur Data Centre (KL1),NEXTDC Sdn Bhd,,,,data_center,data_center,,6421.175515042618,OpenStreetMap
way,1030546688,,"Lyceum of the Philippines University, Inc.",,,,data_center,,,21.559818241279572,OpenStreetMap
way,1037281743,انبار مغزه,,,,,data_center,yes,,217.13862569257617,OpenStreetMap
way,1037295836,,,,,,data_center,commercial,,491.1642245319672,OpenStreetMap
way,1042610062,,江永县武警中队,,,,data_center,yes,,32.72063450701535,OpenStreetMap
way,1052052568,西東京データセンター 2号棟,,,,,data_center,,,4142.990495361853,OpenStreetMap
way,1054690520,NTT,NTT,,,,data_center,yes,,734.6098291240633,OpenStreetMap
way,1055051150,华为山西（吕梁）大数据中心,,,,,data_center,yes,,17393.096763046924,OpenStreetMap
way,1063702126,NTT,NTT,,,,data_center,yes,,1133.3715424910188,OpenStreetMap
way,1070483840,NTT武蔵村山電話交換局,NTT,,,,data_center,yes,,928.1633843332529,OpenStreetMap
way,1080495340,AIMS,,,,,data_center,,,13397.105631030165,OpenStreetMap
way,1082803064,联通云数据中心·齐齐哈尔,,,,,data_center,yes,,1247.7814683704637,OpenStreetMap
way,1088995070,NTT東日本 小曽木電話交換局,NTT,,,,data_center,yes,,283.3490294069052,OpenStreetMap
way,1100618147,,,,,,data_center,university,,5989.466814446379,OpenStreetMap
way,1103194401,Amazon Web Services,Amazon Web Services,,,,data_center,yes,,9840.791936998721,OpenStreetMap
way,1115467384,大数据中心,,,,,data_center,yes,,2413.099975347519,OpenStreetMap
way,1124852913,Colt 京阪奈データセンター,Colt data centre services,,,,data_center,yes,,8777.15792363137,OpenStreetMap
way,1125117405,,,,,,data_center,yes,,4808.4949633786455,OpenStreetMap
way,1125136830,临沂华为大数据中心,,,,,data_center,yes,,1249.9254953565542,OpenStreetMap
way,1125544933,NTT,NTT,,,,data_center,yes,,84.98090282548219,OpenStreetMap
way,1126821432,SIN06 DC,,,,,data_center,data_center,,7403.08417310752,OpenStreetMap
way,1128434725,Government Data Centre,,,,,data_center,yes,,910.1391316348308,OpenStreetMap
way,1133544548,,,,,,,data_center,,2415.9893685188144,OpenStreetMap
way,1135602160,三峡东岳庙大数据中心,,,,,,,data_centre,27918.291981309652,OpenStreetMap
way,1149028813,STT Loyang,ST Telemedia Global Data Centres,,,,data_center,data_center,,6487.094607162115,OpenStreetMap
way,1151907065,STTelemedia Global Data Centeres,,,,,data_center,commercial,,5519.969723898219,OpenStreetMap
way,1153637333,成都智算中心,,,,,data_center,yes,,16662.542226988822,OpenStreetMap
way,1158482154,中国建设银行武汉数据中心,,,,,data_center,,,174997.83455490196,OpenStreetMap
way,1163514700,,Key Point,,,,data_center,data_center,,2713.296555161476,OpenStreetMap
way,1175244806,Tòa nhà VNPT IDC Tân Thuận,VNPT,,,,data_center,yes,,1638.6141287831124,OpenStreetMap
way,1182947275,Agricultural Bank of China (Data Center),,,,,,data_center,,61111.439073576126,OpenStreetMap
way,1182947308,GDS Shanghai Data Center,,,,,,data_center,,45904.84150029346,OpenStreetMap
way,1185248858,Keppel DC Singapore 7,Keppel Data Centres,Keppel DC REIT,,,data_center,data_center,,2900.078718036413,OpenStreetMap
way,1188015096,Keppel Tokyo Data Centre 1,,,,,data_center,yes,,5666.089674877003,OpenStreetMap
way,1188015515,Ada Infrastructure TKW1-1,,,,,data_center,yes,,2770.2799500487745,OpenStreetMap
way,1188039056,,,,,,data_center,yes,,5685.83331798017,OpenStreetMap
way,1188039057,,,,,,data_center,yes,,5685.42727728188,OpenStreetMap
way,1188039058,,,,,,data_center,yes,,5685.935104362667,OpenStreetMap
way,1188039059,,,,,,data_center,yes,,5685.451679132879,OpenStreetMap
way,1188039060,,,,,,data_center,yes,,5685.484377764165,OpenStreetMap
way,1188039061,,,,,,data_center,yes,,5685.2800918594,OpenStreetMap
way,1188039063,,,,,,data_center,yes,,3783.5245020529255,OpenStreetMap
way,1188039064,,,,,,data_center,yes,,3784.530223628506,OpenStreetMap
way,1188436679,,,,,,,data_center,,2349.999252766371,OpenStreetMap
way,1194044206,江南农村商业银行数据中心,,,,,data_center,commercial,,3882.3199123684317,OpenStreetMap
way,1197569182,国家超级计算天津中心（新）,,,,,data_center,yes,,9876.686313046142,OpenStreetMap
way,1201847647,国家超级计算天津中心,,,,,data_center,yes,,2482.189550901763,OpenStreetMap
way,1202256159,醫院管理局支援服務中心 Hospital Authority Supporting Services Centre,,醫院管理局 Hospital Authority,,,data_center,,laundry,13648.725572923198,OpenStreetMap
way,1203027798,,,,,,data_center,yes,,36.945100178942084,OpenStreetMap
way,1215841009,前海信息枢纽大厦,,,,,data_center,yes,,14198.687770616263,OpenStreetMap
way,1219605864,中国联通衡阳大数据中心,,,,,data_center,,,17414.51948611182,OpenStreetMap
way,1219803354,鲁西南大数据中心,,,,,data_center,,,66197.91087403893,OpenStreetMap
way,1222222038,각 세종,네이버,,,,data_center,yes,,23825.050515264273,OpenStreetMap
way,1226454630,CtrlS Mumbai,,,,,data_center,,,9135.202086105943,OpenStreetMap
way,1227086262,中国电信三峡大数据基地,,,,,,,data_centre,52631.7296683155,OpenStreetMap
way,1236581232,하남데이터센터,이지스자산운용,,,,data_center,commercial,,4077.466432818619,OpenStreetMap
way,1236581233,전상동,,,,,data_center,commercial,,3721.1854561418295,OpenStreetMap
way,1238097457,中国联通广东云数据中心（广州新广基地）,,,,,data_center,yes,,75446.37375736237,OpenStreetMap
way,1239264177,北九州データセンター1号棟,IDCフロンティア,,,,data_center,yes,,1378.455171620939,OpenStreetMap
way,1239264178,北九州データセンター2号棟,IDCフロンティア,,,,data_center,yes,,1378.2709790128283,OpenStreetMap
way,1239264179,北九州データセンター3号棟,IDCフロンティア,,,,data_center,yes,,1378.4507771292701,OpenStreetMap
way,1239264180,北九州データセンター4号棟,IDCフロンティア,,,,data_center,yes,,1378.7582275671884,OpenStreetMap
way,1239264181,北九州データセンター5号棟,IDCフロンティア,,,,data_center,yes,,1880.9742009202018,OpenStreetMap
way,1239264183,北九州データセンター6号棟,IDCフロンティア,,,,data_center,yes,,1968.7728985277936,OpenStreetMap
way,1243684282,国家超算互联网核心节点,,,,,data_center,,,92217.65018100198,OpenStreetMap
way,1253893668,宝坻联通,,,,,data_center,,,12458.055603638291,OpenStreetMap
way,1253903177,宝坻移动公司,,,,,data_center,yes,,6619.482967592776,OpenStreetMap
way,1254818450,宝坻联通,,,,,data_center,yes,,881.1766677498817,OpenStreetMap
way,1254828630,天津广电网络数据中心,,,,,data_center,,,4891.783238388598,OpenStreetMap
way,1259474436,SLRC KMC,Khyber Medical College,,,,data_center,yes,,576.5335959685035,OpenStreetMap
way,1272790322,北九州データセンター7号棟,IDCフロンティア,,,,data_center,yes,,2483.249353344552,OpenStreetMap
way,1272790323,北九州データセンター8号棟,IDCフロンティア,,,,data_center,yes,,2682.2703219419345,OpenStreetMap
way,1276375030,Equinix,Equinix,,,,data_center,yes,,3205.301722444594,OpenStreetMap
way,1285109031,广州南站RBC中心,,,,,data_center,yes,,9543.11462931335,OpenStreetMap
way,1289607880,综合实验楼,,,,,data_center,yes,,10742.38053026615,OpenStreetMap
way,1296574821,中国电信 深圳亚森数据中心,中国电信,,,,data_center,industrial,,3270.9014260571275,OpenStreetMap
way,1307057575,NTT Mumbai 7 Data Center,,,,,data_center,,,22163.379789029248,OpenStreetMap
way,1307059465,Pi Datacenters Amaravati,,,,,data_center,yes,,5379.852093620226,OpenStreetMap
way,1311913445,,,,,,data_center,yes,,93161.24272292852,OpenStreetMap
way,1318997239,,,,,,data_center,yes,,521.470240611583,OpenStreetMap
way,1319184187,三菱総研DCS,,,,,data_center,yes,,2611.503874767106,OpenStreetMap
way,1319184189,MCデジタル・リアルティ NRT10,MCデジタル・リアルティ,,,,data_center,yes,,8086.824425250292,OpenStreetMap
way,1319184193,MCデジタル・リアルティ NRT12,MCデジタル・リアルティ,,,,data_center,yes,,4999.8847283851355,OpenStreetMap
way,1319184206,,,,,,data_center,yes,,2337.003507591784,OpenStreetMap
way,1336852426,中国联通宁波分公司总部,,,,,data_center,,,28895.15643482469,OpenStreetMap
way,1345688742,苏尼特左旗档案局,,,,,data_center,yes,,1006.2127471640706,OpenStreetMap
way,1347462205,烟台中金数据系统有限公司,,,,,data_center,,,74073.25149203464,OpenStreetMap
way,1347464854,中国电信南京（吉山）云计算中心,,,,,data_center,,,65973.85840198211,OpenStreetMap
way,1348853309,甘肃紫金云大数据开发有限责任公司,,,,,data_center,,,94732.76788949809,OpenStreetMap
way,1352345057,Equinix,,,,,data_center,yes,,4853.127697760705,OpenStreetMap
way,1352478531,Google 印西データセンター,Google,,,,data_center,yes,,25213.627475082874,OpenStreetMap
way,1355930027,MEGA Gateway,,,,,data_center,yes,,966.4068285068497,OpenStreetMap
way,1358134671,湖南移动衡阳分公司5G云数据中心,,,,,data_center,yes,,5132.564617536962,OpenStreetMap
way,1360627890,"naibe- numerology, tarot and reiki",,,,,data_center,yes,,124.26089938171208,OpenStreetMap
way,1361170454,有孚深圳宝安云计算数据中心,有孚,,,,data_center,yes,,4183.406072535552,OpenStreetMap
way,1361845727,２Ｂ棟,AirTrunk,,,,data_center,yes,,6508.220817908645,OpenStreetMap
way,1361845728,２Ｃ棟,AirTrunk,,,,data_center,construction,,5923.108953475952,OpenStreetMap
way,1365862177,,,,,,data_center,commercial,,606.6921377070248,OpenStreetMap
way,1370886996,曲江市政数据中心,,,,,data_center,yes,,1487.4083157160785,OpenStreetMap
way,1374553894,KR1 강남데이터센터,엠피리온 디지털,,,,data_center,industrial,,3345.514369939454,OpenStreetMap
way,1375722029,Адман,,,,,data_center,data_center,,1161.5143047720194,OpenStreetMap
way,1382267766,,,,,,data_center,,,148160.54361002147,OpenStreetMap
way,1387121625,Mega IDC,,,,,data_center,,,12421.624529871391,OpenStreetMap
way,1390911809,临沂华为大数据中心,,,,,data_center,yes,,4045.38260018453,OpenStreetMap
way,1413213983,SK브로드밴드 IDC,SK브로드밴드,,,,data_center,yes,,4465.898583650589,OpenStreetMap
way,1413300448,百度云计算（阳泉）中心,,,,,data_center,,,238640.26894808718,OpenStreetMap
way,1413300449,,,,,,data_center,industrial,,10502.203046410432,OpenStreetMap
way,1413300450,,,,,,data_center,industrial,,10503.138170634047,OpenStreetMap
way,1414403072,中国电信智慧城市数据中心,,,,,data_center,yes,,7115.973476935178,OpenStreetMap
way,1414549397,中国电信佛山（开普勒）华南数据中心,,,,,data_center,yes,,64557.41167554865,OpenStreetMap
way,1426560484,万国数据（深圳福田数据中心）,万国数据,,,,data_center,yes,,1762.8020145595074,OpenStreetMap
way,1426695931,宝观移动通信枢纽楼,中国移动,,,,data_center,industrial,,1538.119533214718,OpenStreetMap
way,1426699261,深圳联通 同乐IDC,中国联通,,,,data_center,industrial,,2616.136501867324,OpenStreetMap
way,1432337885,,,,,,data_center,data_center,,9198.695423645899,OpenStreetMap
way,1432337898,,,,,,data_center,data_center,,21179.165834562853,OpenStreetMap
way,1432337899,,,,,,data_center,data_center,,22942.852252222598,OpenStreetMap
way,1432337900,,,,,,data_center,data_center,,7542.595607187599,OpenStreetMap
way,1432337901,,,,,,data_center,data_center,,7909.326053474098,OpenStreetMap
way,1432337902,,,,,,data_center,data_center,,22924.026241250336,OpenStreetMap
way,1432337903,,,,,,data_center,data_center,,21999.114676510915,OpenStreetMap
way,1432337904,,,,,,data_center,data_center,,11540.452894145623,OpenStreetMap
way,1432337905,,,,,,data_center,data_center,,24260.81855891645,OpenStreetMap
way,1432337908,,,,,,data_center,data_center,,5472.839285824448,OpenStreetMap
way,1432337909,,,,,,data_center,data_center,,12837.651016777381,OpenStreetMap
way,1432337910,,,,,,data_center,data_center,,12837.657924119383,OpenStreetMap
way,1432337911,,,,,,data_center,data_center,,6405.399257767014,OpenStreetMap
way,1432337912,,,,,,data_center,data_center,,5537.182240169495,OpenStreetMap
way,1433534671,Viettel IDC Hòa Lạc,Viettel,,,,data_center,yes,,3241.46422932297,OpenStreetMap
way,1442781502,,,,,,data_center,data_center,,3572.255598954158,OpenStreetMap
way,1448042316,সামিট কমিউনিকেশনস লিমিটেড,,,,,data_center,,,15036.832349419594,OpenStreetMap
way,1448535359,"Google Data Center, Elmina Business Park 1A",,,,,,,data_centre,234336.55310639483,OpenStreetMap
way,1448536198,,,,,,data_center,industrial,data_centre,28519.24782485704,OpenStreetMap
way,1455942782,武威电信综合大楼,,,,,data_center,yes,,5062.002812899649,OpenStreetMap
way,1457990503,Telehouse,,,,,data_center,commercial,,3304.0277073286707,OpenStreetMap
way,1459777999,,,,,,data_center,yes,,3391.074045345187,OpenStreetMap
way,1460863299,,,,,,,data_center,,4484.159957383061,OpenStreetMap
way,1460863652,Google: Lok Yang 1,Google,,,,data_center,data_center,,24349.59644637141,OpenStreetMap
way,1461701602,국가정보자원관리원 대구센터,,,,,data_center,yes,,15189.238971721847,OpenStreetMap
way,1462367447,AdaniConneX Chennai 1,,,,,data_center,yes,,3136.4173470772803,OpenStreetMap
way,1467948155,,,,,,,,data_centre,8505.666759890039,OpenStreetMap
way,1483729407,中国联通武威分公司,,,,,data_center,yes,,3130.0440581100993,OpenStreetMap
way,1485721566,武当云谷大数据中心园区,武当云谷大数据科技有限公司,,,,data_center,,,47713.244960814714,OpenStreetMap
way,1487031403,,,,,,data_center,yes,,5143.978582763462,OpenStreetMap
way,1489759025,阿里巴巴乌兰察布数据中心,,,,,data_center,,,147416.32803308964,OpenStreetMap
way,1489795658,乌兰察布华为云数据中心,,,,,data_center,,,32759.755514472723,OpenStreetMap
way,1493466998,,,,,,data_center,yes,,206.5009268205613,OpenStreetMap
way,1495602151,Equinix Data Center SG6,Equinix,,,,data_center,construction,,3165.8167456469964,OpenStreetMap
way,1495643296,,Amazon Web Services,,,,data_center,industrial,,5779.82489613723,OpenStreetMap
way,1495643302,,,,,,,,data_centre,10959.230767607456,OpenStreetMap
way,1496340718,Khazna Data Centers,Khazna Data Centers,,,,data_center,yes,,11297.554489069618,OpenStreetMap
way,1496340735,Khazna Data Centers,Khazna Data Centers,,,,data_center,yes,,16109.082623800263,OpenStreetMap
way,1496340767,,,,,,data_center,yes,,8658.614696145058,OpenStreetMap
way,1499403710,,,,,,data_center,yes,,4721.330115687102,OpenStreetMap
way,1499403711,,,,,,data_center,yes,,1952.9426255486906,OpenStreetMap
way,1500167567,Keppel DC Singapore 8,Keppel Data Centres,Keppel DC REIT,,,data_center,data_center,,5220.144318218343,OpenStreetMap
way,1508043704,東京第6データセンター,NTTドコモビジネス,,,,data_center,,,7569.101615020074,OpenStreetMap
way,1509567732,,,,,,data_center,,,20724.123476396577,OpenStreetMap
way,1510273482,NTT DC3,NTT,,,,data_center,,data_centre,12293.985098667443,OpenStreetMap
way,1511262965,VNPT IDC Nam Thăng Long,VNPT,,,,data_center,yes,,2024.769470922649,OpenStreetMap
way,1511262966,VNPT IDC Hòa Lạc,VNPT,,,,data_center,yes,,2242.9887851122767,OpenStreetMap
way,1511346535,Trung tâm Dữ liệu Thăng Long,GDS,,,,data_center,yes,,2653.067582786083,OpenStreetMap
way,1524568557,,,,,,data_center,yes,,10148.279000578448,OpenStreetMap
way,1527799307,,,,,,,,data_centre,4700.504800999304,OpenStreetMap
way,1528126128,万国数据广州南沙数据中心,,,,,data_center,,,44894.20922933519,OpenStreetMap
way,1532557143,云浮云计算数据中心,,,,,data_center,yes,,3701.564704172779,OpenStreetMap
way,1536001833,NTT,NTT,,,,data_center,yes,,16365.504429657012,OpenStreetMap
way,1536001834,NTT DC building 1,NTT,,,,data_center,yes,,3688.51575122145,OpenStreetMap
way,1536001835,NTT DC building 2,NTT,,,,data_center,yes,,4537.944847921841,OpenStreetMap
way,1536001836,Digital Connexion DC,Reliance,,,,data_center,yes,,2940.4715299988165,OpenStreetMap
way,1536001837,CtrlS Data Center Chennai,CtrlS,,,,data_center,yes,,15994.365070775151,OpenStreetMap
way,1536001839,Iron Mountain Data Centers,Iron Mountain,,,,data_center,yes,,17285.99696033355,OpenStreetMap
way,1536001840,Iron Mountain CHN-1 DC,Iron Mountain,,,,data_center,yes,,5119.820656239986,OpenStreetMap
way,1536001841,Iron Mountain CHN-2 DC,Iron Mountain,,,,data_center,yes,,5599.5093834251165,OpenStreetMap
way,1536001842,Colt Data Center,Colt,,,,data_center,yes,,38693.73612443358,OpenStreetMap
way,1548299377,Транстелеком,,,,,data_center,yes,,1288.0811691507697,OpenStreetMap
way,1548790798,QazCloud,,,,,data_center,yes,,143.0608012918383,OpenStreetMap
way,1549410717,西東京データセンター 1号棟,,,,,data_center,yes,,8768.146112736431,OpenStreetMap
way,1550210704,,,,,,data_center,,,307140.0663388446,OpenStreetMap
way,1550506467,,中国移动通信集团湖南有限公司,,,,,data_center,,5374.042994692922,OpenStreetMap
way,1550506468,,中国移动通信集团湖南有限公司,,,,,data_center,,5134.487764149904,OpenStreetMap
way,1550506469,,中国移动通信集团湖南有限公司,,,,,data_center,,2011.4421678856015,OpenStreetMap
way,1550506470,,中国移动通信集团湖南有限公司,,,,,data_center,,5138.026597522199,OpenStreetMap
way,1550506471,,中国移动通信集团湖南有限公司,,,,,data_center,,5256.4366703778505,OpenStreetMap
way,1553111324,Ada Infrastructure TKW1-2,,,,,data_center,yes,,2792.152642264962,OpenStreetMap
way,1560731884,,,,,,,,data_centre,11103.282048283378,OpenStreetMap
way,1560974450,,Google,,,,data_centre,data_center,,11886.512852456537,OpenStreetMap
way,1560974456,Keppel Genting Lane Campus,,,,,,,data_centre,23807.410926353157,OpenStreetMap
way,1562566379,Vitro Pasig Data Center,"ePLDT, Inc.",,,,,,data_centre,4916.9820486512035,OpenStreetMap
relation,10981037,Taman Perindustrian Kulai,,,,,,,data_centre,,OpenStreetMap
relation,18736971,２Ａ棟,AirTrunk,,,,data_center,yes,,,OpenStreetMap
relation,21225007,西東京データセンター 1号棟,,,,,data_center,yes,,,OpenStreetMap
relation,21422028,AirTrunk Singapore SGP1,AirTrunk,,,,data_center,data_center,,,OpenStreetMap
way,23716846,Fujitsu North Ryde Data Centre,,,,,data_center,office,,7313.105869174004,OpenStreetMap
way,24238369,Mayoral Drive Exchange,Spark New Zealand,,,,data_center,office,,1836.2623549369164,OpenStreetMap
way,50637197,TransACT Telehouse,TransACT,,,,data_center,yes,,775.0772290097084,OpenStreetMap
way,59807454,Iron Mountain,Iron Mountain,,,,data_center,yes,,11310.677844118327,OpenStreetMap
way,59807473,CDC Hume Datacentre 2,CDC,,,,data_center,yes,,1738.7092578844167,OpenStreetMap
way,77626243,Canberra 1,NextDC,,,,data_center,yes,,3931.837116042152,OpenStreetMap
way,100109132,DigiCo SYD1,DigiCo,,,,data_center,data_center,,5535.9669867213815,OpenStreetMap
way,117986093,NextDC A1,NextDC,,,,data_center,commercial,,1548.3199091218412,OpenStreetMap
way,120840863,,,,,,data_center,yes,,3636.7515892637894,OpenStreetMap
way,122152206,Cyber Tower,,,,,data_center,yes,,2022.4151771368925,OpenStreetMap
way,132394561,Interactive 2 Data Centre,Interactive,,,,data_center,yes,,2603.9827672038227,OpenStreetMap
way,132394564,Interactive 2 Data Centre,Interactive,,,,data_center,yes,,2070.404838718474,OpenStreetMap
way,136839517,Telecom HUB,,,,,data_center,yes,,251.03889263421297,OpenStreetMap
way,173161522,Verizon Data Centre,,,,,data_center,commercial,,3065.0815672278404,OpenStreetMap
way,186606978,,,,,,data_center,service,,1340.1067446676316,OpenStreetMap
way,204158666,DXC Technology,,,,,data_center,yes,,4882.97424304497,OpenStreetMap
way,205832460,IBM Data Centre,,,,,data_center,yes,,5635.473232718185,OpenStreetMap
way,221298216,Pawsey Supercomputing Centre,,,,,data_center,office,,1979.557975227115,OpenStreetMap
way,238813286,Fujitsu Homebush Data Centre,,,,,data_center,commercial,,2314.155139014125,OpenStreetMap
way,243876089,Airedale Exchange,Spark New Zealand,,,,data_center,yes,,1408.185270932503,OpenStreetMap
way,243876090,Spark Data Centre,Spark New Zealand,,,,data_center,yes,,537.708918960765,OpenStreetMap
way,245183722,Pier Data Centre,DC Alliance,,,,data_center,yes,,3603.713662160095,OpenStreetMap
way,254813394,,Australian Data Centres,,,,data_center,retail,,3308.7965622190386,OpenStreetMap
way,263915226,CDC Laverton,CDC,,,,data_center,,,72769.03072762676,OpenStreetMap
way,269385741,Datavault Auckland,Datavault,,,,data_center,yes,,1474.7963611430023,OpenStreetMap
way,270554690,Datacom Data Centre,,,,,data_center,yes,,1482.6337820980698,OpenStreetMap
way,273400587,Iron Mountain,,,,,data_center,yes,,7601.931019040523,OpenStreetMap
way,287001182,DXN Data Centre,,,,,data_center,office,,4454.125447142869,OpenStreetMap
way,292238902,,,,,,data_center,data_center,,851.3730586648162,OpenStreetMap
way,292861387,Spark Data Centre,Spark New Zealand,,,,data_center,yes,,622.142729267478,OpenStreetMap
way,292861441,Spark Data Centre,Spark New Zealand,,,,data_center,yes,,387.495424882276,OpenStreetMap
way,292861452,Data Centre 220,,,,,data_center,office,,500.08256899099797,OpenStreetMap
way,293020971,ICONZ House,ICONZ,,,,data_center,yes,,280.64232296310365,OpenStreetMap
way,293589187,Intellicentre 4 Bunker,Macquarie Telecom Group,,,,data_center,data_center,,1358.1529218642972,OpenStreetMap
way,318913522,Data Centre,,,,,data_center,yes,,1033.0371711105108,OpenStreetMap
way,318922312,,,,,,data_center,data_center,,692.0650214301422,OpenStreetMap
way,318922336,,,,,,data_center,data_center,,446.6404779064469,OpenStreetMap
way,318922364,Spark Data Centre,,,,,data_center,office,,498.30277689546347,OpenStreetMap
way,320330253,,TPG Telecom Limited,,,,data_center,yes,,4450.020304888487,OpenStreetMap
way,320642071,Datacom Data Centre,,,,,data_center,yes,,3646.575315264985,OpenStreetMap
way,320648900,Plan B Data Centre,,,,,data_center,yes,,464.19531932729296,OpenStreetMap
way,320648944,Umbrellar Data Centre,,,,,data_center,yes,,308.6967061040923,OpenStreetMap
way,324441696,,,,,,data_center,yes,,253.6790518462658,OpenStreetMap
way,328914458,Manukau Datacenter,Vodafone,,,,data_center,yes,,1806.5187160149217,OpenStreetMap
way,333031338,Data Centre,,,,,data_center,yes,,3347.816007873509,OpenStreetMap
way,333179191,NextDC M1 Melbourne Data Centre,NextDC,,,,data_center,commercial,,7749.479532526806,OpenStreetMap
way,339071963,,Chorus,,,,data_center,yes,,266.04540418460965,OpenStreetMap
way,357088316,,,,,,data_center,commercial,,1264.745501481695,OpenStreetMap
way,368744656,AAPT Data Centre,,,,,data_center,yes,,3467.19791434519,OpenStreetMap
way,394251157,NEXTDC - S1 Sydney,NextDC,,,,data_center,industrial,,4711.984450597316,OpenStreetMap
way,409707108,Pusdatin Unpatti,Universitas Pattimura,,,,data_center,yes,,188.79982353176456,OpenStreetMap
way,409891677,Spark Data Centre,Spark New Zealand,,,,data_center,yes,,1150.8502576835454,OpenStreetMap
way,409891699,HP Secure,,,,,data_center,warehouse,,2533.5687739248388,OpenStreetMap
way,429540795,Firmus LST01,Firmus,,,,data_center,yes,,1845.0560985654593,OpenStreetMap
way,437715072,,Firmus,,,,,,data_centre,284331.0005558133,OpenStreetMap
way,443593674,Equinix International Business Exchange SY2 Data Center,Equinix,,,,data_center,yes,,7191.585356428754,OpenStreetMap
way,444102062,Spark Data Centre,Spark,,,,data_center,yes,,3246.1577591663226,OpenStreetMap
way,474646358,Powertel Data Centre,,,,,data_center,yes,,1267.0741544179618,OpenStreetMap
way,474646359,Securiton Data Centre,,,,,data_center,yes,,1201.8875320050865,OpenStreetMap
way,474646360,TPG Data Centre,,,,,data_center,yes,,762.687966549769,OpenStreetMap
way,474646361,Vocus DC-MEL04 Mitcham Data Centre,,,,,data_center,yes,,3396.3188249552622,OpenStreetMap
way,474646366,Fujitsu Data Centre,,,,,data_center,yes,,1814.1575524192303,OpenStreetMap
way,474646367,Fujitsu Data Centre,,,,,data_center,yes,,3623.4975464092568,OpenStreetMap
way,474646386,Micron21 Data Centre,,,,,data_center,yes,,410.277072197292,OpenStreetMap
way,474646387,Telstra Clayton Data Centre,Telstra,,,,data_center,yes,,4326.356389313936,OpenStreetMap
way,474805151,Equinix International Business Exchange SY1 Data Center,Equinix,,,,data_center,yes,,1882.65404087957,OpenStreetMap
way,474805152,Equinix International Business Exchange SY3 Data Center,Equinix,,,,data_center,yes,,15558.179843630642,OpenStreetMap
way,474805153,DigiCo SYD1,DigiCo,,,,data_center,data_center,,2902.6300808263477,OpenStreetMap
way,474805155,Fujitsu Western Sydney Data Centre,Fujitsu,,,,data_center,yes,,9180.325404326199,OpenStreetMap
way,474805156,Powertel Data Centre,,,,,data_center,,,739.676616887562,OpenStreetMap
way,474805163,Optus Data Centre,,,,,data_center,office,,1273.5408895667642,OpenStreetMap
way,474805164,TPG Data Centre,,,,,data_center,,,1556.4641747274436,OpenStreetMap
way,474805165,Southern Cross Cable Network Landing Station,Southern Cross Cable Network,,,,data_center,yes,,1229.9432512205094,OpenStreetMap
way,482217545,Equinix,Equinix,,,,data_center,yes,,1286.2808450385928,OpenStreetMap
way,482360176,EDGE1,Digital Edge Indonesia,,,,data_center,yes,,1105.2469971356913,OpenStreetMap
way,485764312,Yellowstone Data Center,,,,,data_center,data_center,,4052.6719665776473,OpenStreetMap
way,485850331,,Digital Realty,,,,data_center,industrial,,5311.022549407906,OpenStreetMap
way,507122061,Equinix ME1,Equinix,,,,data_center,yes,,9466.310060739517,OpenStreetMap
way,515421881,,VicTrack,,,,data_center,warehouse,,6394.115150734782,OpenStreetMap
way,544451114,DigiCo ADL1,DigiCo,,,,data_center,yes,,6049.456062883139,OpenStreetMap
way,697882745,Equinix SY4,Equinix,,,,data_center,yes,,7932.716197819915,OpenStreetMap
way,697885219,AWS Asia Pacific (Sydney) Region Data Centre,Amazon Web Services,,,,data_center,yes,,11679.481017524377,OpenStreetMap
way,697885424,Australian Liquidity Centre,Australian Securities Exchange,,,,data_center,data_center,,2659.0589330792427,OpenStreetMap
way,698056398,,AirTrunk,,,,data_center,yes,,8439.280553546967,OpenStreetMap
way,698059695,AirTrunk SYD1 Sydney West,AirTrunk,,,,data_center,data_center,,16093.033123511355,OpenStreetMap
way,713653952,Digital Realty,Digital Realty,,,,data_center,,telecommunication,29253.03199786693,OpenStreetMap
way,727001317,Equinix SY9x,Equinix,,,,data_center,industrial,,7904.688282551244,OpenStreetMap
way,750706229,NEXTDC - S2 Sydney,NextDC,,,,data_center,data_center,,4004.7915913164616,OpenStreetMap
way,803869403,CDC Eastern Creek Campus EC1,Canberra Data Centres,,,,data_center,yes,,8930.204122021794,OpenStreetMap
way,812825291,NextDC P2 Perth Data Centre,NextDC,,,,data_center,data_center,,4218.736142206937,OpenStreetMap
way,812989671,DigiCo ADL2,DigiCo,,,,data_center,data_center,,1292.9084336394444,OpenStreetMap
way,889434872,NEXTDC - S6 Sydney,NextDC,,,,data_center,industrial,,3078.4142661094666,OpenStreetMap
way,891768315,Telstra Data Centre,Telstra,,,,data_center,data_center,,10715.326269507408,OpenStreetMap
way,908492330,SC1 Sunshine Coast Data Centre,NextDC,,,,data_center,data_center,,375.51519398298115,OpenStreetMap
way,909192653,Felix Datacenter,Nautile,,,,data_center,yes,,81.72782240994275,OpenStreetMap
way,921646702,,,,,,data_center,,,914.8201357424259,OpenStreetMap
way,941178698,DCI Data Centre,,,,,,,data_centre,57608.98133578058,OpenStreetMap
way,966897260,CDC Eastern Creek Campus EC3,Canberra Data Centres,,,,data_center,yes,,10726.63091897592,OpenStreetMap
way,967421070,ANZ Data Centre,ANZ,,,,data_center,yes,,4926.171744204592,OpenStreetMap
way,967421075,ANZ Data Centre,ANZ,,,,data_center,yes,,895.1767961271107,OpenStreetMap
way,971044866,Fyshwick 1,Canberra Data Centres,,,,data_center,yes,,5535.828336024657,OpenStreetMap
way,971044867,Fyshwick 2,Canberra Data Centres,,,,data_center,yes,,5901.71873618383,OpenStreetMap
way,977464240,AWS Asia Pacific (Sydney) Region Data Centre,Amazon Web Services,,,,data_center,data_center,,10831.950033843517,OpenStreetMap
way,977470046,CDC Eastern Creek Campus EC5,CDC,,,,data_center,yes,,6961.645644545555,OpenStreetMap
way,977470047,CDC Eastern Creek Campus EC4,Canberra Data Centres,,,,data_center,yes,,9849.858189955354,OpenStreetMap
way,977470049,CDC Eastern Creek Campus EC2,Canberra Data Centres,,,,data_center,yes,,8318.371237847954,OpenStreetMap
way,977470051,Sydney 01,DCI Data Centers,,,,data_center,industrial,,9449.018423455942,OpenStreetMap
way,977492444,AirTrunk Stage 4,,,,,,,data_centre,9152.664976745844,OpenStreetMap
way,981505633,Digital Erskine Park 1,Digital Realty,,,,data_center,yes,,7948.098608367145,OpenStreetMap
way,981505634,Digital Erskine Park 2,Digital Realty,,,,data_center,yes,,8287.074220608687,OpenStreetMap
way,986296358,Equinix PE2,Equinix,,,,data_center,yes,,1629.7510643582063,OpenStreetMap
way,995740426,Equinix ME4,Equinix,,,,data_center,yes,,4937.772642758791,OpenStreetMap
way,995740427,Equinix ME4,Equinix,,,,data_center,yes,,1554.8848922848701,OpenStreetMap
way,1002516540,Microsoft Data Centre,Microsoft,CDC,,,data_center,yes,,6179.964890919626,OpenStreetMap
way,1002893123,AirTrunk Sydney North,AirTrunk,,,,data_center,commercial,,13886.87079184642,OpenStreetMap
way,1010496550,Hume 4,Canberra Data Centres,,,,data_center,yes,,9523.36380936578,OpenStreetMap
way,1010500713,CDC Hume Datacentre 3,CDC,,,,data_center,yes,,4069.1501881224103,OpenStreetMap
way,1010500714,CDC Hume Datacentre 1,CDC,,,,data_center,yes,,2560.222625977476,OpenStreetMap
way,1057170798,Vocus Sydney SYD02,Vocus,,,,data_center,yes,,963.2696604456287,OpenStreetMap
way,1060498364,Intellicentre 5 Bunker,Macquarie Telecom Group,,,,data_center,data_center,,956.579212218523,OpenStreetMap
way,1060498365,Hume 5,Canberra Data Centres,,,,data_center,yes,,5441.443855106831,OpenStreetMap
way,1060498369,,Verizon,,,,data_center,yes,,1564.2850310791982,OpenStreetMap
way,1060498370,Equinix CA1,Equinix,,,,data_center,commercial,,1578.1620813701302,OpenStreetMap
way,1060498371,,Department of Defence,,,,data_center,yes,,6427.236466754228,OpenStreetMap
way,1060498373,TransACT Telehouse,TransACT,,,,data_center,yes,,303.3988982029259,OpenStreetMap
way,1074062763,GTN Data Center,Graha Teknologi Nusantara,,,,data_center,yes,,3658.351829326246,OpenStreetMap
way,1078137564,,Post PNG,,,,data_center,yes,,32.15735369781032,OpenStreetMap
way,1087109147,CDC Data Centre HV1,CDC,CDC,,,data_center,yes,,3642.8315920233727,OpenStreetMap
way,1088665595,Amazon Web Services Data Centre,Amazon Web Services,,,,data_center,,,39910.929576568305,OpenStreetMap
way,1106552046,Telstra,Telstra,,,,data_center,yes,,20076.365477394313,OpenStreetMap
way,1112422574,AWS Asia Pacific (Sydney) Region Data Centre,Amazon Web Services,,,,data_center,yes,,8645.73416726198,OpenStreetMap
way,1119993292,Microsoft Data Centre,Microsoft,,,,data_center,yes,,6303.097344147507,OpenStreetMap
way,1119993293,DCI Data Centre,DCI,,,,data_center,yes,,3427.067931128957,OpenStreetMap
way,1133447252,42-24 Derwent Park,42 - 24 Pty Ltd,,,,data_center,yes,,626.5257332259789,OpenStreetMap
way,1150357328,LEDC - WGA1 - Wagga Wagga,Leading Edge Data Centres,,,,data_center,yes,,207.11141440086067,OpenStreetMap
way,1151395412,GCSB Data Centre,Government Communications Security Bureau,,,,data_center,yes,,7691.198048728518,OpenStreetMap
way,1206579186,Equinix ME2,Equinix,,,,data_center,yes,,3888.2755794822006,OpenStreetMap
way,1210163349,Equinix SY5,Equinix,,,,data_center,yes,,12084.658093688544,OpenStreetMap
way,1225879499,NEXTDC - S3 Sydney,NextDC,,,,data_center,industrial,,7461.475618761033,OpenStreetMap
way,1230327255,EDGE2,EDGE DC,,,,data_center,yes,,2522.837802665308,OpenStreetMap
way,1248945224,LEDC - TMW1 - Tamworth,Leading Edge Data Centre,,,,data_center,yes,,476.71378558687866,OpenStreetMap
way,1262899342,DigiCo TSV1,DigiCo,,,,data_center,yes,,1082.0371337346733,OpenStreetMap
way,1293830519,Microsoft MEL11,Microsoft,,,,data_center,yes,,15052.08313716948,OpenStreetMap
way,1298277645,Microsoft SYD05 Data Centre,Microsoft,,,,data_center,yes,,17185.1817683212,OpenStreetMap
way,1298277671,AWS Asia Pacific (Sydney) Region Data Centre,Amazon Web Services,,,,data_center,yes,,9448.700359897688,OpenStreetMap
way,1298979734,AWS Asia Pacific (Sydney) Region Data Centre,Amazon Web Services,,,,data_center,data_center,,6525.373945736792,OpenStreetMap
way,1298979786,AWS Asia Pacific (Sydney) Region Data Centre,Amazon Web Services,Stockland,,,data_center,data_center,,5263.132278922945,OpenStreetMap
way,1298979787,Intellicentre 2,Macquarie Data Centres,,,,data_center,data_center,,4040.81440015696,OpenStreetMap
way,1298979789,Intellicentre 3 East,Macquarie Data Centres,,,,data_center,data_center,,1424.2826437335461,OpenStreetMap
way,1299071579,Microsoft MEL04,Microsoft,,,,data_center,yes,,6059.3164246771485,OpenStreetMap
way,1299071583,,,,,,data_center,yes,,290.85764809697866,OpenStreetMap
way,1299071653,,AirTrunk,,,,data_center,yes,,5261.152574259206,OpenStreetMap
way,1299071655,,AirTrunk,,,,data_center,yes,,12250.072097860277,OpenStreetMap
way,1299071698,Equinix ME5,Equinix,,,,data_center,yes,,1505.551087539643,OpenStreetMap
way,1303950840,NEXTDC M3 Melbourne Data Centre,NextDC,,,,data_center,data_center,,14023.57902380824,OpenStreetMap
way,1307941180,NEXTDC Darwin D1,NextDC,,,,data_center,yes,,870.1285988744348,OpenStreetMap
way,1323895263,DCI Indonesia H2-01,DCI Indonesia,,,,data_center,yes,,2541.5067577436566,OpenStreetMap
way,1341415586,Microsoft MEL07,Microsoft,,,,data_center,yes,,15122.899058520794,OpenStreetMap
way,1358308781,CDC Data Centre HV1A,CDC,CDC,,,data_center,yes,,2472.3725542873144,OpenStreetMap
way,1372715027,Vodafone Data Centre,,,,,data_center,yes,,854.1335954639362,OpenStreetMap
way,1431195819,Stack Infrastructure MEL01A,Stack Infrastructure,,,,data_center,yes,,7704.831503793364,OpenStreetMap
way,1431195822,Amazon Web Services,Amazon Web Services,,,,data_center,yes,,7110.2210759734735,OpenStreetMap
way,1431195848,Microsoft MEL05,Microsoft,,,,data_center,yes,,11959.152520149946,OpenStreetMap
way,1441542602,Southern Highlands Data Campus,Cloud Carrier,,,,data_center,data_center,,3897.6261829710566,OpenStreetMap
way,1441543300,Equinix SY7 - Sydney,Equinix,,,,data_center,yes,,1082.2519715875387,OpenStreetMap
way,1441547266,LEDC - ABX1 - Albury,Leading Edge Data Centres,,,,data_center,yes,,533.901805922389,OpenStreetMap
way,1441548716,LEDC - NTL1 - Newcastle,Leading Edge Data Centres,,,,data_center,yes,,415.9723189016804,OpenStreetMap
way,1441548719,LEDC - DBO1 - Dubbo,Leading Edge Data Centres,,,,data_center,yes,,412.98128923401237,OpenStreetMap
way,1441548723,LEDC - CFS1 - Coffs Harbour,Leading Edge Data Centres,,,,data_center,yes,,206.15787939354777,OpenStreetMap
way,1443131904,Torquay Cable Landing Station,SUBCO Pty Ltd,,,,data_center,yes,,383.21678863465786,OpenStreetMap
way,1455893453,Purwokerto Data Center,Neutral DataCenter,,,,data_center,commercial,,72.1342558148317,OpenStreetMap
way,1459752828,,,,,,data_center,construction,,9143.289516339544,OpenStreetMap
way,1467185863,Equinix SY6,Equinix,,,,data_center,,,14717.482842912897,OpenStreetMap
way,1479628967,CDC Eastern Creek Campus EC6,CDC,,,,data_center,yes,,6961.07969814539,OpenStreetMap
way,1479632522,Microsoft SYD06 Data Centre,Microsoft,,,,data_center,yes,,16471.686434280593,OpenStreetMap
way,1480092696,DCI Data Centre AKL-02,,,,,data_center,construction,,3964.493090223288,OpenStreetMap
way,1480092702,Spark Data Centre,,,,,data_center,office,,406.4195410311222,OpenStreetMap
way,1491427496,Stack Infrastructure MEL01B,Stack Infrastructure,,,,data_center,yes,,7720.447595373029,OpenStreetMap
way,1529513865,,Firmus,,,,,,data_centre,123999.72474193573,OpenStreetMap
way,1533569827,Microsoft JKT09,Microsoft,,,,data_center,yes,,10829.014810874127,OpenStreetMap
way,1533569828,Amazon Web Services,Amazon Web Services,,,,data_center,yes,,8316.992289417889,OpenStreetMap
way,1533569829,Microsoft JKT02,Microsoft,,,,data_center,yes,,15272.981004739646,OpenStreetMap
way,1533569830,DCI Indonesia H2-02,DCI Indonesia,,,,data_center,yes,,7928.456484692171,OpenStreetMap
way,1533569831,Microsoft JKT05,Microsoft,,,,data_center,yes,,11657.848723112838,OpenStreetMap
way,1533569832,Microsoft JKT11,Microsoft,,,,data_center,yes,,10708.613109552767,OpenStreetMap
way,1533569833,Amazon Web Services,Amazon Web Services,,,,data_center,yes,,8335.390341139806,OpenStreetMap
way,1533569834,Princeton Digital JC3,Princeton Digital Group,,,,data_center,yes,,11852.684752088273,OpenStreetMap
way,1533569835,Digital Hyperspace Jakarta,Digital Hyperspace Indonesia,,,,data_center,yes,,6412.705998605117,OpenStreetMap
way,1533569836,STT Jakarta 1,Singapore Technologies Telemedia,,,,data_center,yes,,19187.265826288785,OpenStreetMap
way,1533569837,Amazon Web Services,Amazon Web Services,,,,data_center,yes,,7674.1343880747445,OpenStreetMap
way,1544372402,Equinix SY5b,Equinix,,,,data_center,yes,,5436.791358053684,OpenStreetMap
way,1547603657,Stack Infrastructure MEL01C,Stack Infrastructure,,,,data_center,yes,,7541.196509956149,OpenStreetMap
way,1547603658,Stack Infrastructure MEL01D,Stack Infrastructure,,,,data_center,yes,,7429.042127152672,OpenStreetMap
way,1547605821,Amazon Web Services,Amazon Web Services,,,,data_center,yes,,8855.897952392232,OpenStreetMap
way,1563128687,AirTrunk SYD3 Sydney West,AirTrunk,,,,,,data_centre,90740.06057373155,OpenStreetMap
way,1563128695,AirTrunk SYD3 Sydney West,AirTrunk,,,,data_center,data_center,,4742.758718072902,OpenStreetMap
way,1563128702,AirTrunk SYD1 Sydney West,AirTrunk,,,,data_center,data_center,,5221.456393003464,OpenStreetMap
relation,19402810,DigiCo BNE1,DigiCo,,,,data_center,yes,,,OpenStreetMap
relation,19402811,DigiCo BNE2,DigiCo,,,,data_center,yes,,,OpenStreetMap
